,y_true,y_pred
2014-09-25 00:05:00,59.790002772112686,63.6716379832228
2014-09-25 00:10:00,64.2133330967029,61.88615262200435
2014-09-25 00:15:00,54.113334215184054,63.35479790707429
2014-09-25 00:20:00,49.380000416239106,58.20737536062797
2014-09-25 00:25:00,45.013333707948526,54.16423231770595
2014-09-25 00:30:00,40.6266651960214,50.174860953440266
2014-09-25 00:35:00,56.799999370326596,45.27682748039563
2014-09-25 00:40:00,54.09666808565457,51.27762869273623
2014-09-25 00:45:00,43.70666753341755,50.86778451402982
2014-09-25 00:50:00,35.636668105920165,45.99366690625747
2014-09-25 00:55:00,41.6833333071073,40.737415696879225
2014-09-25 01:00:00,36.94999950816234,42.401347869535286
2014-09-25 01:05:00,37.30000046928724,39.51747398888072
2014-09-25 01:10:00,35.63333243181308,38.65573471595844
2014-09-25 01:15:00,33.63333262299498,37.21748384853204
2014-09-25 01:20:00,31.233333464463552,35.19733534400661
2014-09-25 01:25:00,30.243332931747037,32.82875272711118
2014-09-25 01:30:00,25.873333609600863,31.145713874374827
2014-09-25 01:35:00,23.49333319445451,27.91393989523252
2014-09-25 01:40:00,23.18333278035124,25.862601307680208
2014-09-25 01:45:00,24.53666625974079,24.689389639695484
2014-09-25 01:50:00,23.863332898964483,24.468197723378736
2014-09-25 01:55:00,19.843333007817467,23.694803320144615
2014-09-25 02:00:00,22.513333563556273,21.49829864365359
2014-09-25 02:05:00,18.820000216042,22.3021547900637
2014-09-25 02:10:00,20.1466666640838,20.573120357667406
2014-09-25 02:15:00,17.153333708693584,20.91246705328425
2014-09-25 02:20:00,17.13333343518277,19.355611549591025
2014-09-25 02:25:00,14.43666661315908,18.856039267530043
2014-09-25 02:30:00,15.78666671363016,17.076497679737706
2014-09-25 02:35:00,15.113333352853855,17.009775781904658
2014-09-25 02:40:00,18.48000015673538,16.377620399904746
2014-09-25 02:45:00,14.800000324894985,18.013960580204923
2014-09-25 02:50:00,9.08000013721486,16.73137552452584
2014-09-25 02:55:00,14.120000206281741,13.510642932703096
2014-09-25 03:00:00,14.113333448444804,14.958984979366262
2014-09-25 03:05:00,19.176666404878098,15.144111066994567
2014-09-25 03:10:00,17.47666687340786,18.03539152128001
2014-09-25 03:15:00,11.773333197788645,18.37162441102167
2014-09-25 03:20:00,14.116666827363273,15.89068619137009
2014-09-25 03:25:00,16.13333353077372,16.443546632354458
2014-09-25 03:30:00,13.456666982260844,17.387844604489704
2014-09-25 03:35:00,13.766666631301245,16.252848591854175
2014-09-25 03:40:00,11.756666685727735,16.102981191587943
2014-09-25 03:45:00,12.759999969055256,14.88998242912193
2014-09-25 03:50:00,14.43999999207755,14.813609263201554
2014-09-25 03:55:00,15.453333412160475,15.35743125145634
2014-09-25 04:00:00,15.123333489609262,16.142980973546702
2014-09-25 04:05:00,16.13333353077372,16.43811162573596
2014-09-25 04:10:00,15.109999973935386,17.42817412854483
2014-09-25 04:15:00,14.113333448444804,17.36795296990623
2014-09-25 04:20:00,14.803333703813454,16.85277876076599
2014-09-25 04:25:00,18.160000370939574,17.063730310586593
2014-09-25 04:30:00,18.140000097428757,18.899603477393587
2014-09-25 04:35:00,21.163332698022327,19.493976229627926
2014-09-25 04:40:00,18.48333353565385,21.567650062566003
2014-09-25 04:45:00,13.450000224423906,20.986050799985726
2014-09-25 04:50:00,16.810000270468493,18.350340362017352
2014-09-25 04:55:00,20.82999939655264,19.166128428926072
2014-09-25 05:00:00,20.16333279361328,21.209889833827813
2014-09-25 05:05:00,24.52666688804825,21.505811561023197
2014-09-25 05:10:00,28.20333257590731,24.254290735696753
2014-09-25 05:15:00,20.1466666640838,27.397068011586864
2014-09-25 05:20:00,29.58333308664461,24.579035441403587
2014-09-25 05:25:00,27.54666687478622,29.24553640839954
2014-09-25 05:30:00,30.589999748890598,29.650889668067297
2014-09-25 05:35:00,30.58333299105366,31.951550003488858
2014-09-25 05:40:00,33.94000042324265,32.967039370735485
2014-09-25 05:45:00,32.93999898870786,35.33687057023246
2014-09-25 05:50:00,37.29333218132456,35.575264160086704
2014-09-25 05:55:00,35.6166663022836,38.289193095614515
2014-09-25 06:00:00,38.64666719083985,38.43301573415597
2014-09-25 06:05:00,47.7433320239683,40.419929907669626
2014-09-25 06:10:00,48.066665953745435,46.19133160923918
2014-09-25 06:15:00,47.71666805287203,48.64889715825518
2014-09-25 06:20:00,47.39999935080608,49.97783890326817
2014-09-25 06:25:00,56.799999370326596,51.061293395509324
2014-09-25 06:30:00,61.163333464761585,56.76642841165265
2014-09-25 06:35:00,68.56666934957107,61.086918985446296
2014-09-25 06:40:00,80.36333285351594,67.08443042745193
2014-09-25 06:45:00,66.23000209530194,76.02657092263301
2014-09-25 06:50:00,72.60000122626623,72.58898432095846
2014-09-25 06:55:00,63.17666678925354,76.85518297334512
2014-09-25 07:00:00,70.6333306162556,73.29007569273313
2014-09-25 07:05:00,90.07333328713973,76.292708752354
2014-09-25 07:10:00,93.74666942139467,86.39479472537835
2014-09-25 07:15:00,92.06666480799517,90.40325899859269
2014-09-25 07:20:00,92.7999989893039,91.64726958443721
2014-09-25 07:25:00,92.7999989893039,93.73469159712394
2014-09-25 07:30:00,98.81333193143207,95.73975612213214
2014-09-25 07:35:00,86.05999709357816,100.46934417327243
2014-09-25 07:40:00,98.50333457758029,96.22298819144567
2014-09-25 07:45:00,97.82666401257119,102.59408901294073
2014-09-25 07:50:00,99.16333289255698,102.32519083638987
2014-09-25 07:55:00,89.40999929805596,102.49931302477916
2014-09-25 08:00:00,101.85666633566221,96.59296647419534
2014-09-25 08:05:00,105.94000272144874,101.16080187340576
2014-09-25 08:10:00,101.50000014682611,104.04626402457555
2014-09-25 08:15:00,110.25999447425207,103.10213972171148
2014-09-25 08:20:00,107.59999941070875,108.11150820364554
2014-09-25 08:25:00,97.81333355714878,108.45565796395142
2014-09-25 08:30:00,111.60666425605615,104.86754983325801
2014-09-25 08:35:00,120.71999521871408,111.93094074328741
2014-09-25 08:40:00,125.43666288812958,117.0317801417907
2014-09-25 08:45:00,117.02333384772142,121.00120784719788
2014-09-25 08:50:00,118.6733357556661,118.8951550235351
2014-09-25 08:55:00,115.9899970938762,121.0612377401193
2014-09-25 09:00:00,124.73666096587976,120.78823882659276
2014-09-25 09:05:00,137.12666438718637,125.97776431282364
2014-09-25 09:10:00,145.2466622032722,132.99149346192678
2014-09-25 09:15:00,141.52999902864298,137.91669890781245
2014-09-25 09:20:00,132.12333684166273,138.16912069042525
2014-09-25 09:25:00,133.52667023976645,135.89681052466233
2014-09-25 09:30:00,133.7866692050298,137.926308097442
2014-09-25 09:35:00,116.96667023142179,139.8245943280061
2014-09-25 09:40:00,126.4233369274934,133.07602984865505
2014-09-25 09:45:00,130.0966669412454,136.32509883900482
2014-09-25 09:50:00,130.77999661346277,135.37110828538735
2014-09-25 09:55:00,120.33333856542907,132.45170182486376
2014-09-25 10:00:00,124.72333051045736,124.54079263051351
2014-09-25 10:05:00,116.34000417550405,124.66839287598928
2014-09-25 10:10:00,104.87666938265164,120.61901916106542
2014-09-25 10:15:00,121.70666925807794,115.074198478659
2014-09-25 10:20:00,122.74000601192319,121.98310789426168
2014-09-25 10:25:00,109.22999951501687,121.5705492724975
2014-09-25 10:30:00,114.65999956210455,114.08435401876767
2014-09-25 10:35:00,121.39999533732733,115.31974081595739
2014-09-25 10:40:00,116.68666946252188,117.66135955711206
2014-09-25 10:45:00,106.58333490689596,116.18868086059888
2014-09-25 10:50:00,102.5699987133344,112.21911850412687
2014-09-25 10:55:00,108.92333783527216,110.37170589407285
2014-09-25 11:00:00,112.60333919723828,112.41577026387056
2014-09-25 11:05:00,107.53666444619496,113.51285817643007
2014-09-25 11:10:00,117.70000441273054,109.88562779088815
2014-09-25 11:15:00,113.32667247672876,113.20316072722277
2014-09-25 11:20:00,119.63333664317926,111.98913448532423
2014-09-25 11:25:00,112.65333146532376,116.14818761308987
2014-09-25 11:30:00,111.283330326279,114.17352974673112
2014-09-25 11:35:00,91.73666565050681,114.80134645720322
2014-09-25 11:40:00,101.53333240588506,106.47573034455378
2014-09-25 11:45:00,105.23666512509187,109.58174481948217
2014-09-25 11:50:00,102.5633334856232,109.18662963112195
2014-09-25 11:55:00,97.14999956806501,105.1448637013634
2014-09-25 12:00:00,94.12000173976024,100.04060294171174
2014-09-25 12:05:00,88.76000188489755,96.52117297460636
2014-09-25 12:10:00,87.75000260879597,92.11146076907714
2014-09-25 12:15:00,100.19999920000633,90.53057770093282
2014-09-25 12:20:00,97.49333530147871,95.89155683626733
2014-09-25 12:25:00,100.44999726345142,95.53834873159727
2014-09-25 12:30:00,98.87666689594586,97.49567333360513
2014-09-25 12:35:00,88.42333137919506,97.92140939821799
2014-09-25 12:40:00,103.51666914542515,93.19499176760515
2014-09-25 12:45:00,89.41666452576716,100.98070607413848
2014-09-25 12:50:00,79.33999700148901,95.9301894508799
2014-09-25 12:55:00,91.40333081891139,90.4244481798013
2014-09-25 13:00:00,92.09666751345,94.27597663690646
2014-09-25 13:05:00,82.69666443367801,93.38811811765035
2014-09-25 13:10:00,89.74333412965139,87.07063902248939
2014-09-25 13:15:00,105.19999719192586,88.50847981621821
2014-09-25 13:20:00,110.8866727711757,96.61128513952096
2014-09-25 13:25:00,94.12333129336436,101.86686309357484
2014-09-25 13:30:00,99.83999733706314,96.96137178768714
2014-09-25 13:35:00,79.65333614995082,101.4094595467051
2014-09-25 13:40:00,93.47666955431302,93.09479913433393
2014-09-25 13:45:00,88.0800017662843,99.38995675524076
2014-09-25 13:50:00,91.10333436687786,95.86602821846803
2014-09-25 13:55:00,87.72333557744821,94.64566725601753
2014-09-25 14:00:00,89.7266680001219,91.03898951937755
2014-09-25 14:05:00,100.2033348741134,90.09947395523389
2014-09-25 14:10:00,100.17999739636977,94.12217451830705
2014-09-25 14:15:00,100.83333048363527,95.38173118164141
2014-09-25 14:20:00,91.10999959458906,98.2314312340816
2014-09-25 14:25:00,92.05999958028396,96.25382940580448
2014-09-25 14:30:00,90.43666470368703,97.36736923029027
2014-09-25 14:35:00,83.04666539480287,97.12702319999536
2014-09-25 14:40:00,89.38333226670821,92.07612710555395
2014-09-25 14:45:00,92.44666847457488,93.31077332188686
2014-09-25 14:50:00,89.72000277241071,93.16282240410646
2014-09-25 14:55:00,99.4966677241524,90.67765338679155
2014-09-25 15:00:00,100.82666525592407,94.63980993469556
2014-09-25 15:05:00,90.45000127961238,96.4040449096759
2014-09-25 15:10:00,96.42000106086334,93.39881063630183
2014-09-25 15:15:00,115.59666909237703,97.48282027741273
2014-09-25 15:20:00,107.54666534801324,108.76923581202824
2014-09-25 15:25:00,104.87333370854458,107.60634637226661
2014-09-25 15:30:00,107.54000012030203,107.94980451573929
2014-09-25 15:35:00,98.80333102961382,110.43435536225637
2014-09-25 15:40:00,97.16000046988329,106.91101439376672
2014-09-25 15:45:00,101.1533348598083,105.73717537422975
2014-09-25 15:50:00,107.19333483328423,106.66540473093589
2014-09-25 15:55:00,105.83999982376893,108.2579595982035
2014-09-25 16:00:00,112.59666784902414,106.95742616762719
2014-09-25 16:05:00,120.33666811903318,109.72736382563909
2014-09-25 16:10:00,125.04666444023451,113.71940066893896
2014-09-25 16:15:00,109.91332918723424,117.92359862645468
2014-09-25 16:20:00,105.8799973105391,114.32252727051576
2014-09-25 16:25:00,112.26333301742872,114.22626400013765
2014-09-25 16:30:00,111.93332773943742,118.17793000598749
2014-09-25 16:35:00,121.66333609720071,118.39398376007875
2014-09-25 16:40:00,108.24333159615595,121.91815711696943
2014-09-25 16:45:00,119.32333316882452,114.47601724346481
2014-09-25 16:50:00,119.97667237659296,118.19548360844453
2014-09-25 16:55:00,121.71667015989621,118.59293682893117
2014-09-25 17:00:00,134.7933328070243,119.86832723339401
2014-09-25 17:05:00,132.4633307804664,127.46884124120076
2014-09-25 17:10:00,136.4166615631183,129.1679295827945
2014-09-25 17:15:00,127.71333085199197,133.75949417193732
2014-09-25 17:20:00,129.73332940419516,131.93743268509706
2014-09-25 17:25:00,133.46999438246092,134.22421171983083
2014-09-25 17:30:00,140.48000226577122,137.1922027327617
2014-09-25 17:35:00,124.03332949002584,140.92617468973
2014-09-25 17:40:00,109.93000143726667,133.77374270280202
2014-09-25 17:45:00,131.7466688491901,125.60648236294587
2014-09-25 17:50:00,132.4233394141992,133.79957122524578
2014-09-25 17:55:00,137.10666258354985,132.5793999983867
2014-09-25 18:00:00,127.76666491468747,133.16754360874495
2014-09-25 18:05:00,124.69666959961255,128.71848881026108
2014-09-25 18:10:00,147.2700025500854,127.41671903808911
2014-09-25 18:15:00,126.40999423106511,138.95815144856772
2014-09-25 18:20:00,127.40332737763723,131.08835979302725
2014-09-25 18:25:00,138.85666126867136,132.3206251337131
2014-09-25 18:30:00,141.86666341384253,138.5378320290645
2014-09-25 18:35:00,153.96333561082682,141.01085796852905
2014-09-25 18:40:00,140.16332744320235,146.5669403763612
2014-09-25 18:45:00,139.48999867280324,140.57362147887548
2014-09-25 18:50:00,138.5166673298677,141.82252234657605
2014-09-25 18:55:00,136.47999652763207,143.20631909926732
2014-09-25 19:00:00,145.5400056686004,143.72073513110482
2014-09-25 19:05:00,138.1633306946357,147.739126860102
2014-09-25 19:10:00,153.92666155715784,143.50488947411378
2014-09-25 19:15:00,136.47666697402798,150.24602366288502
2014-09-25 19:20:00,141.84000250299775,141.45552474876246
2014-09-25 19:25:00,128.43000502427418,143.1614680536588
2014-09-25 19:30:00,140.17999969323475,137.54168345113598
2014-09-25 19:35:00,123.01999453981718,142.90172614951928
2014-09-25 19:40:00,118.00666609247526,135.12459890862306
2014-09-25 19:45:00,139.85999531706173,130.43925597329934
2014-09-25 19:50:00,135.46333202381928,137.8151475228866
2014-09-25 19:55:00,134.44666752000649,133.64708501478037
2014-09-25 20:00:00,124.40666792889436,131.48102678020797
2014-09-25 20:05:00,129.08666154464086,126.89116369088491
2014-09-25 20:10:00,132.1599986543258,129.38700686534247
2014-09-25 20:15:00,121.33333081920942,132.695946615537
2014-09-25 20:20:00,128.43333457787833,128.23537303050358
2014-09-25 20:25:00,125.05333578844868,131.4551860167583
2014-09-25 20:30:00,125.04000533302627,129.0375751109918
2014-09-25 20:35:00,140.8733302672704,128.389058859547
2014-09-25 20:40:00,133.7833274104198,134.57481861074766
2014-09-25 20:45:00,119.65999755402406,131.18912775357563
2014-09-25 20:50:00,133.1666622563203,125.90583616216978
2014-09-25 20:55:00,120.64667159338792,132.97517620106538
2014-09-25 21:00:00,124.676667795976,128.37044028957686
2014-09-25 21:05:00,115.30999697526296,129.67566202541192
2014-09-25 21:10:00,130.1099973966678,124.54054781039555
2014-09-25 21:15:00,123.03999634345372,129.96112228294214
2014-09-25 21:20:00,120.66000204881033,125.12022064467271
2014-09-25 21:25:00,113.26333751221497,122.75871026893456
2014-09-25 21:30:00,114.2833315696319,118.30950857837995
2014-09-25 21:35:00,123.31999711235365,117.88903002580007
2014-09-25 21:40:00,126.0499984886249,122.45108154972394
2014-09-25 21:45:00,128.76332761486373,123.93846169432004
2014-09-25 21:50:00,113.26333751221497,124.98892361541589
2014-09-25 21:55:00,126.72666905363401,118.75705199499924
2014-09-25 22:00:00,120.02666464467843,125.10711052735647
2014-09-25 22:05:00,127.40332737763723,123.27709238668282
2014-09-25 22:10:00,105.19999719192586,126.97212570389112
2014-09-25 22:15:00,105.17000060697397,117.53080922921498
2014-09-25 22:20:00,111.2433389600118,116.03339145978292
2014-09-25 22:25:00,106.46333632608254,116.83889861186348
2014-09-25 22:30:00,106.17666420896848,111.75528230865797
2014-09-25 22:35:00,104.17000223269066,108.49263804276785
2014-09-25 22:40:00,97.48666395326455,105.42058623870214
2014-09-25 22:45:00,91.41999694844087,100.66764846881229
2014-09-25 22:50:00,110.29333897431691,96.32980320890746
2014-09-25 22:55:00,101.10666602482398,103.82145183076462
2014-09-25 23:00:00,101.78000091572602,100.51645368446907
2014-09-25 23:05:00,93.4533320765694,100.96564963688454
2014-09-25 23:10:00,95.8000002326568,97.77994009306033
2014-09-25 23:15:00,88.07333041807016,98.1080480151375
2014-09-25 23:20:00,90.07666896124681,93.89397768636546
2014-09-25 23:25:00,85.37333174725373,93.91140275826056
2014-09-25 23:30:00,87.69666854610045,90.31866140683493
2014-09-25 23:35:00,91.3866646893819,89.6412747429808
2014-09-25 23:40:00,93.1033311154445,90.14071390410265
2014-09-25 23:45:00,83.34666796733936,90.32258464922508
2014-09-25 23:50:00,78.98666648675999,85.34019534428914
2014-09-25 23:55:00,98.81000237782796,83.37897198190292
2014-09-26 00:00:00,76.63666877706845,93.108288722833
2014-09-26 00:05:00,84.3766690470775,83.91441806187233
2014-09-26 00:10:00,68.2199979420503,86.42367737879356
2014-09-26 00:15:00,68.88000237752993,77.93952799876533
2014-09-26 00:20:00,72.9066690265139,75.28699382831653
2014-09-26 00:25:00,69.17999882956347,74.80628952672085
2014-09-26 00:30:00,70.87999912609656,70.88373875339828
2014-09-26 00:35:00,60.48666902025542,69.93842707296214
2014-09-26 00:40:00,55.120000877430044,63.7817703132828
2014-09-26 00:45:00,58.143330417772134,59.2522247805198
2014-09-26 00:50:00,61.53333622952302,58.61139588077863
2014-09-26 00:55:00,63.47666936179002,59.35093625207742
2014-09-26 01:00:00,51.04333277960619,61.20238227357467
2014-09-26 01:05:00,47.05999929149946,54.93687542920311
2014-09-26 01:10:00,51.41333248411616,51.62242722635468
2014-09-26 01:15:00,44.03333407705029,51.9695943946143
2014-09-26 01:20:00,48.74999868621429,47.38079627280434
2014-09-26 01:25:00,41.0266676059862,48.47572670807441
2014-09-26 01:30:00,41.98666543324788,44.025022434045866
2014-09-26 01:35:00,35.929999330242474,43.16305058201154
2014-09-26 01:40:00,34.62333315571149,38.80362442870935
2014-09-26 01:45:00,30.913333678667744,36.236908890356624
2014-09-26 01:50:00,34.286665710260465,32.949455165763695
2014-09-26 01:55:00,34.273332194586594,33.5422136353453
2014-09-26 02:00:00,26.203332767089208,33.53038576339682
2014-09-26 02:05:00,30.600000650708875,28.98402567890783
2014-09-26 02:10:00,27.906667207603654,29.956604199980696
2014-09-26 02:15:00,23.20666719784339,28.68333914016684
2014-09-26 02:20:00,27.896666305785377,25.770691245024402
2014-09-26 02:25:00,24.21333386008938,27.49454926205178
2014-09-26 02:30:00,23.520000225802264,25.735977282424766
2014-09-26 02:35:00,22.18333287594219,24.995018484567602
2014-09-26 02:40:00,22.520000321393216,23.832857384656865
2014-09-26 02:45:00,25.22333313619097,23.53307208997508
2014-09-26 02:50:00,18.49666628626486,24.795664522772032
2014-09-26 02:55:00,23.186666924332577,21.738514613260826
2014-09-26 03:00:00,15.1300002474462,23.507268049543104
2014-09-26 03:05:00,19.82666687828799,19.35609812957545
2014-09-26 03:10:00,21.523333030839762,20.645521317174037
2014-09-26 03:15:00,21.83666605879863,21.56323411968847
2014-09-26 03:20:00,22.533333837067087,22.085975565661986
2014-09-26 03:25:00,20.84333291222652,23.02480716360112
2014-09-26 03:30:00,19.816665976469714,22.672572218899926
2014-09-26 03:35:00,18.473333398898443,22.231420137484868
2014-09-26 03:40:00,17.466666736652453,21.355736828719575
2014-09-26 03:45:00,20.849999670063458,20.416941953798133
2014-09-26 03:50:00,17.813333553796014,21.781930400927866
2014-09-26 03:55:00,15.78333333471169,20.29217091081043
2014-09-26 04:00:00,13.783333525893589,18.794979599987467
2014-09-26 04:05:00,17.143333571938175,16.842602659550806
2014-09-26 04:10:00,15.123333489609262,17.775482833435138
2014-09-26 04:15:00,16.463333453324935,16.811435528409977
2014-09-26 04:20:00,15.796666850385567,17.339066491176684
2014-09-26 04:25:00,20.500000239064295,17.211673577738306
2014-09-26 04:30:00,15.806666987140973,19.85402246621748
2014-09-26 04:35:00,19.14999937353035,18.371878411894045
2014-09-26 04:40:00,18.48333353565385,20.046460259680945
2014-09-26 04:45:00,19.153333517511687,20.261291443308195
2014-09-26 04:50:00,20.503332852919897,20.98221783501407
2014-09-26 04:55:00,17.803333417040605,22.00163962540527
2014-09-26 05:00:00,20.84333291222652,20.918895111506185
2014-09-26 05:05:00,17.463333357733983,22.220380280291042
2014-09-26 05:10:00,23.856666141127548,20.742855675568183
2014-09-26 05:15:00,28.549999393050868,23.717155396913487
2014-09-26 05:20:00,28.213333477725584,27.197801266958315
2014-09-26 05:25:00,32.59000108783444,28.65680675988396
2014-09-26 05:30:00,31.946665842135747,32.317207211156685
2014-09-26 05:35:00,25.8800003674378,33.651623746057346
2014-09-26 05:40:00,25.503333905090884,31.470965051700666
2014-09-26 05:45:00,33.589999462117746,30.685161328737934
2014-09-26 05:50:00,31.26999986750384,34.33820646559199
2014-09-26 05:55:00,33.92999952142437,33.86154781644542
2014-09-26 06:00:00,31.26999986750384,35.25216586967309
2014-09-26 06:05:00,38.630001061310374,34.244039467473826
2014-09-26 06:10:00,30.24999968958397,37.95328153227767
2014-09-26 06:15:00,36.623332964529595,34.7041635779043
2014-09-26 06:20:00,42.323332878698906,37.63903042887648
2014-09-26 06:25:00,47.7366667962571,41.51394838800034
2014-09-26 06:30:00,46.39000007470449,46.19085727026065
2014-09-26 06:35:00,53.09999926497539,47.72176643182834
2014-09-26 06:40:00,46.38666746084889,52.62475751226146
2014-09-26 06:45:00,41.65333366190393,51.15329373558363
2014-09-26 06:50:00,43.696666631599264,49.1156344721218
2014-09-26 06:55:00,41.6833333071073,49.332664446433384
2014-09-26 07:00:00,58.82000098278125,47.53154426043232
2014-09-26 07:05:00,41.64333276008567,55.45704167356094
2014-09-26 07:10:00,60.48999857385953,48.16625571747622
2014-09-26 07:15:00,61.1400021075209,56.55508132432898
2014-09-26 07:20:00,68.21666838844617,59.130279879768686
2014-09-26 07:25:00,65.53000017305216,65.04288158436616
2014-09-26 07:30:00,59.18333239932855,66.81045835395653
2014-09-26 07:35:00,63.17000156154235,65.60147540648776
2014-09-26 07:40:00,59.78000187029441,68.39216768999894
2014-09-26 07:45:00,61.12666553159555,67.07062869330247
2014-09-26 07:50:00,63.87333303739627,66.83613386382657
2014-09-26 07:55:00,67.2099986659487,67.28142493536075
2014-09-26 08:00:00,70.93666886289914,68.28342471410829
2014-09-26 08:05:00,68.2199979420503,70.60551905085643
2014-09-26 08:10:00,55.46999877830346,69.51787507434685
2014-09-26 08:15:00,60.15666374226412,63.56202589591346
2014-09-26 08:20:00,69.906667783161,64.63114923050006
2014-09-26 08:25:00,77.66666373630363,69.46864174862702
2014-09-26 08:30:00,76.32666530271372,74.42186685701212
2014-09-26 08:35:00,83.37666455229123,75.33095128049453
2014-09-26 08:40:00,70.2633339719971,80.46752829571564
2014-09-26 08:45:00,71.26999757399162,76.0799906723698
2014-09-26 08:50:00,70.929997514685,76.80691056658826
2014-09-26 08:55:00,64.21666877080997,76.87410756846269
2014-09-26 09:00:00,73.63000230600437,73.14123118152222
2014-09-26 09:05:00,76.96999748816093,76.37097162355978
2014-09-26 09:10:00,77.30666799386343,77.416016899546
2014-09-26 09:15:00,80.3199996926387,76.84651022066672
2014-09-26 09:20:00,82.01999998917182,78.36039214303096
2014-09-26 09:25:00,83.35999842276176,80.50661994804939
2014-09-26 09:30:00,72.62666825761399,83.1678329916795
2014-09-26 09:35:00,77.93333404978117,79.58531900068122
2014-09-26 09:40:00,74.57000138988097,82.56092391928037
2014-09-26 09:45:00,73.92333353032669,80.7647766419252
2014-09-26 09:50:00,80.3433310498794,79.39745628317198
2014-09-26 09:55:00,71.23666531493267,81.34392923345169
2014-09-26 10:00:00,75.95999821205933,75.8961919688185
2014-09-26 10:05:00,69.58333385338388,76.94115155776342
2014-09-26 10:10:00,59.153335814376675,73.4169231163462
2014-09-26 10:15:00,69.90333210905393,66.93074459840852
2014-09-26 10:20:00,74.60999887665113,70.32077489217123
2014-09-26 10:25:00,72.28666819830735,72.60723566075166
2014-09-26 10:30:00,69.28333128084739,71.98107760657867
2014-09-26 10:35:00,79.00666829039653,70.41224580874045
2014-09-26 10:40:00,76.9799983899792,75.7129196285208
2014-09-26 10:45:00,73.28666657259068,76.48016139616568
2014-09-26 10:50:00,77.33333502521118,75.99135354866584
2014-09-26 10:55:00,69.2299972181519,79.09817592998347
2014-09-26 11:00:00,59.85333161612352,75.82678546537956
2014-09-26 11:05:00,80.00666666467986,70.36564429928859
2014-09-26 11:10:00,69.92333391269048,78.35941898306213
2014-09-26 11:15:00,70.59999835719665,73.1388197033604
2014-09-26 11:20:00,70.22666603883107,72.46901022215684
2014-09-26 11:25:00,76.29333304365475,71.90767441471418
2014-09-26 11:30:00,61.179999594291054,74.83888732542594
2014-09-26 11:35:00,67.87333265503247,67.73123293807109
2014-09-26 11:40:00,62.50333189835151,70.13028647889693
2014-09-26 11:45:00,63.869997363289194,67.27572674711547
2014-09-26 11:50:00,69.9000025554498,66.80632089396319
2014-09-26 11:55:00,60.460001988907656,69.2779207562407
2014-09-26 12:00:00,66.86666905303797,64.30755211909613
2014-09-26 12:05:00,68.54999709953866,66.13201896359523
2014-09-26 12:10:00,59.466668842335544,67.8707498027881
2014-09-26 12:15:00,67.21666389365991,63.80486297090848
2014-09-26 12:20:00,64.17666516353687,67.2598807649811
2014-09-26 12:25:00,57.46666597326597,66.45038304497798
2014-09-26 12:30:00,68.56666934957107,63.216970301171145
2014-09-26 12:35:00,76.6299974288543,67.65334341754516
2014-09-26 12:40:00,87.05333636065323,72.76953915794691
2014-09-26 12:45:00,67.9033353604873,80.04543393035729
2014-09-26 12:50:00,72.61333168168862,73.53840897937616
2014-09-26 12:55:00,73.25333431353171,76.44965680946906
2014-09-26 13:00:00,62.509997126062714,77.50409093697867
2014-09-26 13:05:00,75.60999725093444,72.47869897832473
2014-09-26 13:10:00,74.64333113571008,77.68899745156368
2014-09-26 13:15:00,68.88666760524116,76.87549080212911
2014-09-26 13:20:00,84.3433306675156,73.44964332511027
2014-09-26 13:25:00,73.60333527465662,80.21402318408093
2014-09-26 13:30:00,64.20000264128049,75.74923869301874
2014-09-26 13:35:00,79.01333351810773,71.00897648473583
2014-09-26 13:40:00,65.21000191738209,78.00448489656053
2014-09-26 13:45:00,70.89000002791484,72.58698291649421
2014-09-26 13:50:00,73.93999965985616,73.86072690566381
2014-09-26 13:55:00,72.88000199516614,74.92639215608439
2014-09-26 14:00:00,76.3300009768208,74.27566028257212
2014-09-26 14:05:00,81.6799999298652,75.55324794759353
2014-09-26 14:10:00,85.34333516230187,79.23117445906003
2014-09-26 14:15:00,84.3899995024999,82.84026367386181
2014-09-26 14:20:00,75.60666769733031,84.32742348035177
2014-09-26 14:25:00,73.60666482826075,82.12660690953334
2014-09-26 14:30:00,83.66000099529823,81.22063782205186
2014-09-26 14:35:00,85.03666736205419,85.46617365648349
2014-09-26 14:40:00,92.41000054140886,86.822109879752
2014-09-26 14:45:00,79.3200013183554,90.40232868214449
2014-09-26 14:50:00,90.07333328713973,84.7668021460374
2014-09-26 14:55:00,95.4566644992431,89.70716195722422
2014-09-26 15:00:00,83.00000268032153,93.44841731270154
2014-09-26 15:05:00,92.76666673024495,88.83350300480922
2014-09-26 15:10:00,86.07333366950353,93.90129168738922
2014-09-26 15:15:00,89.0300017519792,91.76996730705102
2014-09-26 15:20:00,103.86333443244297,93.04167928924163
2014-09-26 15:25:00,86.38000146975119,100.02811711569628
2014-09-26 15:30:00,97.13999866624673,92.30310595740875
2014-09-26 15:35:00,96.82666563828786,97.15168882687887
2014-09-26 15:40:00,100.1433355837067,97.94645449628433
2014-09-26 15:45:00,97.77000039627154,100.61919856746991
2014-09-26 15:50:00,103.53666482855876,100.04567683865626
2014-09-26 15:55:00,105.53999725123246,103.68841657867034
2014-09-26 16:00:00,99.90333230157694,106.08493011077243
2014-09-26 16:05:00,108.93333873709042,104.02770053913196
2014-09-26 16:10:00,115.6200004496177,108.9344281866153
2014-09-26 16:15:00,115.65666226228078,113.08647945900758
2014-09-26 16:20:00,112.57999559899172,114.57510818620523
2014-09-26 16:25:00,104.22000062127908,115.08882648070653
2014-09-26 16:30:00,117.30000506301721,111.75598004599412
2014-09-26 16:35:00,102.18000026543935,118.34700277944405
2014-09-26 16:40:00,110.23333356340726,111.76323896249136
2014-09-26 16:45:00,109.88999782999356,114.56814305384954
2014-09-26 16:50:00,113.61666190644108,113.43782081027825
2014-09-26 16:55:00,129.71332760055859,114.26053881665071
2014-09-26 17:00:00,116.9933311422666,121.6965826692184
2014-09-26 17:05:00,124.04333039184411,116.68222597738107
2014-09-26 17:10:00,119.65666800041994,121.22395743151506
2014-09-26 17:15:00,133.08666728278,121.63082398553689
2014-09-26 17:20:00,128.41000322063763,129.9450865652164
2014-09-26 17:25:00,111.94332864125569,129.95768256028492
2014-09-26 17:30:00,134.12666314383347,123.19348631640275
2014-09-26 17:35:00,131.1000009896358,133.78745262940726
2014-09-26 17:40:00,143.84332880516848,132.42373112638788
2014-09-26 17:45:00,141.1366710271438,138.25049889763196
2014-09-26 17:50:00,135.45000156839689,137.7416035594543
2014-09-26 17:55:00,134.14999450107416,136.4225862099727
2014-09-26 18:00:00,130.74666435440378,137.99958275874457
2014-09-26 18:05:00,145.8699987055858,137.68509907623135
2014-09-26 18:10:00,143.89333331425985,145.37821629365286
2014-09-26 18:15:00,145.87667005379996,144.63977761288484
2014-09-26 18:20:00,157.65999698181946,145.73625347514948
2014-09-26 18:25:00,149.96000031908352,151.1975170512994
2014-09-26 18:30:00,157.97667180438836,148.02844303448995
2014-09-26 18:35:00,141.18666329522927,153.42569839080178
2014-09-26 18:40:00,140.22666240771613,148.19386798818906
2014-09-26 18:45:00,150.57999502678712,149.85925684054692
2014-09-26 18:50:00,148.2366625448068,155.33506273170312
2014-09-26 18:55:00,162.65666542013486,153.47996276994547
2014-09-26 19:00:00,150.29000559707484,158.17158534129462
2014-09-26 19:05:00,154.28666954060395,151.1891319622596
2014-09-26 19:10:00,151.2633369400104,152.92036518534027
2014-09-26 19:15:00,172.4333364923795,152.43187560399375
2014-09-26 19:20:00,146.92333726306757,162.997320373257
2014-09-26 19:25:00,137.16333844085534,153.71552868743737
2014-09-26 19:30:00,147.56666332801183,150.41367647965748
2014-09-26 19:35:00,164.08000062187512,155.76342449208101
2014-09-26 19:40:00,155.6533288850387,161.8721148701509
2014-09-26 19:45:00,155.51667029519876,156.0138877137502
2014-09-26 19:50:00,153.29666594763597,154.60149597128233
2014-09-26 19:55:00,137.5133332814773,153.28834206362566
2014-09-26 20:00:00,142.1133319236835,147.4462607940038
2014-09-26 20:05:00,145.84999690194923,149.904879069527
2014-09-26 20:10:00,155.64332798322042,151.4968586095174
2014-09-26 20:15:00,163.04000476082166,154.5156742789348
2014-09-26 20:20:00,161.04666711946328,156.9994110985597
2014-09-26 20:25:00,159.67999553402268,154.87858338077862
2014-09-26 20:30:00,146.89333455761275,154.33164299627148
2014-09-26 20:35:00,146.23333624263606,150.85349582155547
2014-09-26 20:40:00,146.94999817391238,153.7480775221189
2014-09-26 20:45:00,149.2133356823524,155.83568314989407
2014-09-26 20:50:00,154.28999909420807,156.75418702741464
2014-09-26 20:55:00,155.95000190397104,157.2386125948032
2014-09-26 21:00:00,156.9766673096021,155.11313329478108
2014-09-26 21:05:00,153.60999897559483,153.7652516533931
2014-09-26 21:10:00,152.28000144382318,152.01692998607953
2014-09-26 21:15:00,167.3700035359462,152.7022427012523
2014-09-26 21:20:00,144.90666826446852,161.31838072737057
2014-09-26 21:25:00,149.58000277300675,153.14907613952954
2014-09-26 21:30:00,152.9166684015592,156.16918935557206
2014-09-26 21:35:00,167.09666187425455,157.5309890206655
2014-09-26 21:40:00,153.65333213647207,162.9458224614461
2014-09-26 21:45:00,144.4533348520597,156.0365335746606
2014-09-26 21:50:00,156.30999764641126,151.44140685280163
2014-09-26 21:55:00,148.61000098367535,156.89214316387972
2014-09-26 22:00:00,147.19999623735745,153.78171580632528
2014-09-26 22:05:00,132.0766618861755,152.9502087577184
2014-09-26 22:10:00,142.48667036255202,145.25763014455637
2014-09-26 22:15:00,142.53333307703335,148.24437437852222
2014-09-26 22:20:00,151.3033283062776,146.88690802951655
2014-09-26 22:25:00,148.89000175257524,148.14267610152564
2014-09-26 22:30:00,129.78333391328653,145.49707646091778
2014-09-26 22:35:00,133.47333617707093,136.4932045729955
2014-09-26 22:40:00,129.09333289285502,138.9824743272861
2014-09-26 22:45:00,142.8533374532064,137.27326267381508
2014-09-26 22:50:00,145.21667173882327,142.68049444993338
2014-09-26 22:55:00,138.4800055172046,143.24069184382756
2014-09-26 23:00:00,140.17999969323475,139.15319963653883
2014-09-26 23:05:00,135.1733303531011,139.5115061201652
2014-09-26 23:10:00,139.1666647430261,137.16740245481333
2014-09-26 23:15:00,140.14333788057172,139.96601466914015
2014-09-26 23:20:00,133.44666302522023,141.49500199278197
2014-09-26 23:25:00,148.58999918003877,139.41969857593378
2014-09-26 23:30:00,145.87667005379996,146.4597948517402
2014-09-26 23:35:00,139.83666395982107,144.712146439751
2014-09-26 23:40:00,145.21332994421323,141.8722085895141
2014-09-26 23:45:00,135.7833363999923,144.45137629111608
2014-09-26 23:50:00,141.51333901961644,141.46727611442407
2014-09-26 23:55:00,148.21666074117024,144.8988217796882
2014-09-27 00:00:00,141.52666947503883,148.0969559444984
2014-09-27 00:05:00,123.00666408439477,144.95544867297014
2014-09-27 00:10:00,114.59000549038251,135.7690021820863
2014-09-27 00:15:00,112.58333739360174,130.46931988378367
2014-09-27 00:20:00,124.07666265090306,126.99468587776028
2014-09-27 00:25:00,135.79999640901883,128.3251730497678
2014-09-27 00:30:00,120.31666631539663,130.58063959141572
2014-09-27 00:35:00,112.59999740262826,120.53176527102788
2014-09-27 00:40:00,104.22666584899028,114.5471252467235
2014-09-27 00:45:00,123.38666163047152,109.90440549393495
2014-09-27 00:50:00,127.38999692221482,118.67594308992227
2014-09-27 00:55:00,117.66667215367158,122.12975514491399
2014-09-27 01:00:00,107.25333412369093,119.07430214484533
2014-09-27 01:05:00,109.3000058277448,114.45843915899594
2014-09-27 01:10:00,103.20000044335922,114.40165313263734
2014-09-27 01:15:00,108.24666727026303,110.23430060287316
2014-09-27 01:20:00,106.89666793485482,110.81172109206517
2014-09-27 01:25:00,106.2766671066483,109.19991112252076
2014-09-27 01:30:00,103.21000134517749,108.16446279515823
2014-09-27 01:35:00,85.71999703427156,105.19906075497468
2014-09-27 01:40:00,104.52999797513088,94.86855761190256
2014-09-27 01:45:00,92.09666751345,101.27300293346246
2014-09-27 01:50:00,94.146668771108,95.6725591202577
2014-09-27 01:55:00,95.42666791429123,95.96997272004684
2014-09-27 02:00:00,96.8033342810472,95.76577438016734
2014-09-27 02:05:00,83.34666796733936,95.61590162446102
2014-09-27 02:10:00,70.89000002791484,88.72439279874166
2014-09-27 02:15:00,72.2666663946708,80.68039326777061
2014-09-27 02:20:00,60.52666650702556,78.62324326266844
2014-09-27 02:25:00,78.66999778469403,69.6984788753589
2014-09-27 02:30:00,70.2166651370128,74.82430828740199
2014-09-27 02:35:00,65.83333229919275,69.04362178285916
2014-09-27 02:40:00,60.856665664513905,64.28237849046786
2014-09-27 02:45:00,68.56999890317519,60.926525085171065
2014-09-27 02:50:00,67.5466691716512,64.12005663176377
2014-09-27 02:55:00,62.526669376095136,64.9787203519543
2014-09-27 03:00:00,57.83333306392034,63.811197691460436
2014-09-27 03:05:00,64.22333399852117,61.965468219717344
2014-09-27 03:10:00,56.13666538124283,64.60492287536461
2014-09-27 03:15:00,57.146667717595896,60.233121065100036
2014-09-27 03:20:00,58.503332280715306,59.48265559603771
2014-09-27 03:25:00,52.133333149751024,59.073555058439574
2014-09-27 03:30:00,54.119999442895256,55.82341498007377
2014-09-27 03:35:00,37.65000143041213,55.687304175247746
2014-09-27 03:40:00,50.749998495032386,46.11138253947099
2014-09-27 03:45:00,38.29999884357054,49.65569541131457
2014-09-27 03:50:00,39.666667368759704,42.82891396452983
2014-09-27 03:55:00,38.98666725014647,41.29170068492492
2014-09-27 04:00:00,43.683333115925386,39.43843075354894
2014-09-27 04:05:00,36.303334708859516,40.968960443933796
2014-09-27 04:10:00,36.93333337863287,37.63182659690579
2014-09-27 04:15:00,33.286667335977164,37.26457805847128
2014-09-27 04:20:00,32.593333701690035,35.24385422666868
2014-09-27 04:25:00,31.956666743954028,34.402098395874106
2014-09-27 04:30:00,29.913333774258692,33.50437668611606
2014-09-27 04:35:00,32.92000024532278,31.968537459423146
2014-09-27 04:40:00,24.206667102252442,32.59941442136963
2014-09-27 04:45:00,31.576666137625775,28.147248877262076
2014-09-27 04:50:00,28.56999966656168,30.536996193354334
2014-09-27 04:55:00,30.223332658236224,29.33849613731106
2014-09-27 05:00:00,25.220000522335372,30.202348513876398
2014-09-27 05:05:00,27.906667207603654,28.044401475836832
2014-09-27 05:10:00,31.593332267155255,28.88190202695628
2014-09-27 05:15:00,26.553333728214103,31.064681475584706
2014-09-27 05:20:00,30.236666173910102,29.13791348454853
2014-09-27 05:25:00,32.91333195736011,30.842130807613334
2014-09-27 05:30:00,29.213333382134635,32.84746616487701
2014-09-27 05:35:00,24.203332958271105,31.753199804176887
2014-09-27 05:40:00,27.223332945009073,29.041240140472848
2014-09-27 05:45:00,19.476665917163093,29.4458773012956
2014-09-27 05:50:00,18.803334086512525,24.95918753017982
2014-09-27 05:55:00,25.52333264847596,22.673650957544645
2014-09-27 06:00:00,25.226667280172308,24.779333490779003
2014-09-27 06:05:00,21.84000020277997,24.754470477675397
2014-09-27 06:10:00,26.856667384480435,23.215185407822332
2014-09-27 06:15:00,26.22333304060002,25.80150032674273
2014-09-27 06:20:00,25.866666851763924,26.415954449151954
2014-09-27 06:25:00,21.509999515165884,27.06281510454913
2014-09-27 06:30:00,25.213333764498433,25.36252714437743
2014-09-27 06:35:00,29.2033340104421,26.888111468379694
2014-09-27 06:40:00,20.489999337246022,29.25965181832512
2014-09-27 06:45:00,24.506666614537437,25.42876475741466
2014-09-27 06:50:00,24.523332744066913,26.33092536193629
2014-09-27 06:55:00,28.880000080664953,26.13290107940634
2014-09-27 07:00:00,24.170000699212153,28.533533709992966
2014-09-27 07:05:00,23.856666141127548,26.846011588846643
2014-09-27 07:10:00,32.569999284197884,26.360612861489255
2014-09-27 07:15:00,31.243332836156096,30.976286111747225
2014-09-27 07:20:00,32.243332740565144,31.857327920844156
2014-09-27 07:25:00,29.54333406974872,33.34819675212105
2014-09-27 07:30:00,32.25666625623901,32.681349594344695
2014-09-27 07:35:00,31.923334484895065,34.282993408491215
2014-09-27 07:40:00,29.913333774258692,34.674485259105765
2014-09-27 07:45:00,31.576666137625775,33.570190454324084
2014-09-27 07:50:00,30.90000016299387,34.04862710957726
2014-09-27 07:55:00,32.92000024532278,33.56222461973628
2014-09-27 08:00:00,30.953332695563635,34.447558431526026
2014-09-27 08:05:00,33.57999856029948,33.41015460347136
2014-09-27 08:10:00,38.29000100200375,34.49865851064523
2014-09-27 08:15:00,35.28333453093966,37.588245555659135
2014-09-27 08:20:00,34.946667085488635,37.242278005977475
2014-09-27 08:25:00,39.99000129853685,37.49784572710593
2014-09-27 08:30:00,37.303333083142846,40.426693063428
2014-09-27 08:35:00,48.34333410878976,40.07462337230643
2014-09-27 08:40:00,42.64999942233165,46.3418959817787
2014-09-27 08:45:00,40.309999554206925,45.40451953341564
2014-09-27 08:50:00,36.26999938954909,44.719497542132935
2014-09-27 08:55:00,43.683333115925386,42.375246984710294
2014-09-27 09:00:00,39.963334267189104,45.33710525368651
2014-09-27 09:05:00,44.6799988763531,43.5699263167878
2014-09-27 09:10:00,49.06333477442463,45.58410427068671
2014-09-27 09:15:00,51.72666551207503,48.49412493993839
2014-09-27 09:20:00,44.36000062068303,51.069225567330925
2014-09-27 09:25:00,46.73000013401111,48.52182633628448
2014-09-27 09:30:00,53.12000106861194,49.747322400708995
2014-09-27 09:35:00,47.39000150923928,53.45147526731093
2014-09-27 09:40:00,49.730001377364,51.901525221069654
2014-09-27 09:45:00,54.76333468859394,52.96538798337181
2014-09-27 09:50:00,59.143334912558394,55.67677078967293
2014-09-27 09:55:00,48.0900003712376,58.658009631236396
2014-09-27 10:00:00,46.07666704674561,54.1791816461583
2014-09-27 10:05:00,55.106667361756166,52.130456513365104
2014-09-27 10:10:00,48.39666817148527,55.88959291820725
2014-09-27 10:15:00,56.45999931101998,52.9323127854367
2014-09-27 10:20:00,56.76999972512325,56.51587338243922
2014-09-27 10:25:00,65.21000191738209,57.211489964326226
2014-09-27 10:30:00,58.803334853251776,62.35629905601343
2014-09-27 10:35:00,65.85666365643343,61.202535286148404
2014-09-27 10:40:00,70.87666957249243,65.57922737826904
2014-09-27 10:45:00,64.86666618396839,70.03649589171013
2014-09-27 10:50:00,56.11000141014655,69.26517786910136
2014-09-27 10:55:00,60.15333418866,65.60515382876
2014-09-27 11:00:00,62.840002404054005,66.30010633607706
2014-09-27 11:05:00,68.86000057389339,66.60292433996995
2014-09-27 11:10:00,73.26333521535001,69.17424555679162
2014-09-27 11:15:00,76.94000090320905,71.5444715287288
2014-09-27 11:20:00,60.48999857385953,74.61066601147255
2014-09-27 11:25:00,66.53666377504666,67.80152691443762
2014-09-27 11:30:00,70.9066661574443,70.32684031059345
2014-09-27 11:35:00,68.24666497339804,72.69379181345303
2014-09-27 11:40:00,83.00666790803274,72.03097194661697
2014-09-27 11:45:00,80.28666743357977,79.85801188906034
2014-09-27 11:50:00,76.27000168641408,80.2831848674019
2014-09-27 11:55:00,65.58666378935177,79.06689403941235
2014-09-27 12:00:00,58.14666609187921,73.991381282111
2014-09-27 12:05:00,70.91333138515552,68.90800979902347
2014-09-27 12:10:00,70.92666796108087,73.3149249347051
2014-09-27 12:15:00,79.36333447923263,72.92762562861046
2014-09-27 12:20:00,74.2633335896333,76.76048043121894
2014-09-27 12:25:00,83.33000183780987,74.32231075604757
2014-09-27 12:30:00,70.58333222766717,79.19293967713912
2014-09-27 12:35:00,79.30333518882593,74.72165521194536
2014-09-27 12:40:00,78.93999765177568,79.39084001948436
2014-09-27 12:45:00,77.30999754746755,81.29323922803005
2014-09-27 12:50:00,74.2633335896333,81.69492783655723
2014-09-27 12:55:00,73.60333527465662,80.35027782072623
2014-09-27 13:00:00,86.34666921069226,78.9349298753341
2014-09-27 13:05:00,90.04666625579198,84.01937856694063
2014-09-27 13:10:00,90.70333501716455,86.89529273351033
2014-09-27 13:15:00,92.76666673024495,88.70905481835206
2014-09-27 13:20:00,78.26333320726951,91.76581148554881
2014-09-27 13:25:00,72.93000038375457,86.43673241158326
2014-09-27 13:30:00,81.989997283717,83.84051298876604
2014-09-27 13:35:00,87.40666687538227,86.79288447817167
2014-09-27 13:40:00,101.1499991857012,88.9343688934048
2014-09-27 13:45:00,104.80666919042666,95.53099188705285
2014-09-27 13:50:00,87.66666584064563,98.62108081330855
2014-09-27 13:55:00,87.71999990334113,91.92685415913661
2014-09-27 14:00:00,81.65999812622864,92.17418368329605
2014-09-27 14:05:00,87.37666416992744,90.15108203609786
2014-09-27 14:10:00,97.48666395326455,92.87876374175151
2014-09-27 14:15:00,94.81999754150709,97.73374865730604
2014-09-27 14:20:00,87.74333126058181,96.59326025833685
2014-09-27 14:25:00,100.46999906708797,92.03627039035162
2014-09-27 14:30:00,85.04666826387246,96.91698590030273
2014-09-27 14:35:00,101.12333215435348,90.15562956978877
2014-09-27 14:40:00,90.38666631509861,97.92587124486764
2014-09-27 14:45:00,93.0900006600221,94.88068232824403
2014-09-27 14:50:00,91.73333609690269,96.8504315512379
2014-09-27 14:55:00,96.8033342810472,95.92361603071294
2014-09-27 15:00:00,99.093332700332,97.8598799820741
2014-09-27 15:05:00,104.84666667719684,98.70274668415387
2014-09-27 15:10:00,104.45000300159057,102.00011256327231
2014-09-27 15:15:00,100.85333228727181,103.49045503129561
2014-09-27 15:20:00,105.48999886264404,103.21822730114063
2014-09-27 15:25:00,106.89333226074775,106.30686566819746
2014-09-27 15:30:00,110.5166638859113,108.70351385136445
2014-09-27 15:35:00,107.91999766637882,111.14226497431596
2014-09-27 15:40:00,97.4533316942056,111.29789712329706
2014-09-27 15:45:00,113.23666436036427,106.3860221328338
2014-09-27 15:50:00,112.23333031197389,113.20750628431638
2014-09-27 15:55:00,126.6866654463609,112.93246312280496
2014-09-27 16:00:00,134.08667177756627,120.15155962785084
2014-09-27 16:05:00,121.00999688943227,125.40187394936879
2014-09-27 16:10:00,108.89666468342146,122.03344291051229
2014-09-27 16:15:00,122.03000318785509,118.42133016725381
2014-09-27 16:20:00,108.91666648705801,125.59372723480065
2014-09-27 16:25:00,129.7400007524093,120.5321937062343
2014-09-27 16:30:00,124.36333476801714,129.51629636963207
2014-09-27 16:35:00,132.76000379939873,126.58095211942991
2014-09-27 16:40:00,123.02666588803132,129.41177042027314
2014-09-27 16:45:00,119.67332800944646,124.34732353230318
2014-09-27 16:50:00,117.28333281298478,123.25068853696187
2014-09-27 16:55:00,122.00000048240025,122.73474237938721
2014-09-27 17:00:00,124.65999554594357,125.89393790443738
2014-09-27 17:05:00,127.00666982253392,127.77239370544751
2014-09-27 17:10:00,131.04333737333616,128.1341888757547
2014-09-27 17:15:00,134.4366666181882,128.85265023489794
2014-09-27 17:20:00,140.4766727121671,130.74562386890253
2014-09-27 17:25:00,141.1500014825662,134.14361693700155
2014-09-27 17:30:00,136.04999447246394,137.09308730800947
2014-09-27 17:35:00,131.11000189145406,137.34599873085816
2014-09-27 17:40:00,107.53666444619496,137.69473274787268
2014-09-27 17:45:00,118.95666607817014,127.91041104694207
2014-09-27 17:50:00,133.75333694597086,131.65882739086945
2014-09-27 17:55:00,152.23666828294594,135.86150746365388
2014-09-27 18:00:00,156.6166715671619,141.6223084541162
2014-09-27 18:05:00,151.96333886226017,142.25191235144933
2014-09-27 18:10:00,123.68333464940389,141.0694556637605
2014-09-27 18:15:00,144.88333690722783,131.50199562331042
2014-09-27 18:20:00,134.45333886822064,144.47928578456242
2014-09-27 18:25:00,166.71000522096952,143.68409780045351
2014-09-27 18:30:00,153.93000335176785,159.73971940179666
2014-09-27 18:35:00,152.9833329196771,154.19325842459997
2014-09-27 18:40:00,149.59000367482503,153.17507603605588
2014-09-27 18:45:00,134.4566684218248,150.98986062725388
2014-09-27 18:50:00,148.56999737640223,144.78758775909742
2014-09-27 18:55:00,143.8733315106233,152.02231602867445
2014-09-27 19:00:00,151.2633369400104,150.85317755540214
2014-09-27 19:05:00,152.21333692570528,153.58316669066747
2014-09-27 19:10:00,167.70666792114577,152.5555220045646
2014-09-27 19:15:00,163.3366655387481,157.27884878118832
2014-09-27 19:20:00,151.56666906615098,155.7465931089719
2014-09-27 19:25:00,139.1433333857854,151.8975556965669
2014-09-27 19:30:00,138.47666372259457,150.0263710530599
2014-09-27 19:35:00,151.60000132520994,151.9310715707143
2014-09-27 19:40:00,130.40999996920428,158.10466376205287
2014-09-27 19:45:00,142.483328567942,146.37219821353753
2014-09-27 19:50:00,148.5566669209798,147.40746904631456
2014-09-27 19:55:00,138.81332810779412,146.76825595935185
2014-09-27 20:00:00,138.50999598165353,139.61335128923258
2014-09-27 20:05:00,152.59666402538616,138.39843145390353
2014-09-27 20:10:00,133.7599960531791,145.24569516380632
2014-09-27 20:15:00,141.18333374162515,138.82458983321985
2014-09-27 20:20:00,139.48332732458908,143.4515309294065
2014-09-27 20:25:00,150.88666894753774,143.37841540118058
2014-09-27 20:30:00,144.54000117381415,148.23300248404345
2014-09-27 20:35:00,147.25333030005297,145.23106716175874
2014-09-27 20:40:00,144.1633331813415,146.98810442527136
2014-09-27 20:45:00,131.7366679473718,145.59217683573564
2014-09-27 20:50:00,158.99333630820115,140.75486181219418
2014-09-27 20:55:00,148.91666266342006,153.7459843101104
2014-09-27 21:00:00,138.5199968834718,149.47386101086934
2014-09-27 21:05:00,154.24999548693498,144.59218458195528
2014-09-27 21:10:00,162.6499940719207,152.17837661286194
2014-09-27 21:15:00,157.64666652639707,155.98617407639819
2014-09-27 21:20:00,147.2066675855716,154.54554233332476
2014-09-27 21:25:00,147.19999623735745,151.1132132436832
2014-09-27 21:30:00,155.63666887601218,152.9712020828327
2014-09-27 21:35:00,170.77333368261654,157.82665827711423
2014-09-27 21:40:00,144.53000027199587,164.8497395547231
2014-09-27 21:45:00,156.94333505054317,153.03786660095057
2014-09-27 21:50:00,158.99999541540942,157.68870214064916
2014-09-27 21:55:00,149.93666896184286,159.42041276295978
2014-09-27 22:00:00,158.31999529679615,155.56458159228166
2014-09-27 22:05:00,151.19000107367833,158.7752872701486
2014-09-27 22:10:00,157.61666382094225,155.78510331352552
2014-09-27 22:15:00,144.20999589582286,158.7614671744903
2014-09-27 22:20:00,152.62999628444513,152.55220469196638
2014-09-27 22:25:00,134.11333268841108,155.3430683495601
2014-09-27 22:30:00,159.38333475609622,146.04951305707297
2014-09-27 22:35:00,153.94666336079442,156.3571867241462
2014-09-27 22:40:00,149.24999749501546,153.59103765745957
2014-09-27 22:45:00,136.443334714969,149.90060695846876
2014-09-27 22:50:00,149.89333580096562,143.99162859161694
2014-09-27 22:55:00,147.20333803196746,150.38713797887166
2014-09-27 23:00:00,137.17999844988188,149.30494737048943
2014-09-27 23:05:00,163.32666463692982,144.80204438706238
2014-09-27 23:10:00,154.61666257758935,155.9210029609998
2014-09-27 23:15:00,150.25000198980172,152.1450565948089
2014-09-27 23:20:00,145.50333161493143,150.07239723523458
2014-09-27 23:25:00,151.93666571040947,149.1421297510465
2014-09-27 23:30:00,161.00000440498192,152.6418945421775
2014-09-27 23:35:00,173.10999481638274,158.38665981491405
2014-09-27 23:40:00,158.986664959987,164.49038034458957
2014-09-27 23:45:00,169.4300056954225,158.92623111387093
2014-09-27 23:50:00,144.5333298256,164.11131311496098
2014-09-27 23:55:00,151.60667267342407,155.38619341333708
2014-09-28 00:00:00,148.89666085978348,160.13772346754868
2014-09-28 00:05:00,133.74333604415258,159.07991694291434
2014-09-28 00:10:00,150.89332805474598,151.6634097357591
2014-09-28 00:15:00,144.51666981657345,156.43335026284058
2014-09-28 00:20:00,162.72000038464864,149.53599635680516
2014-09-28 00:25:00,136.4966687776645,153.9307500531276
2014-09-28 00:30:00,158.35999890406927,140.42051097710927
2014-09-28 00:35:00,141.49999632318816,150.3305845316251
2014-09-28 00:40:00,138.19333340009052,145.13686038037142
2014-09-28 00:45:00,125.69333229978879,144.9492669649919
2014-09-28 00:50:00,121.97332733054955,140.50660197158655
2014-09-28 00:55:00,132.0800036807855,137.02900564213593
2014-09-28 01:00:00,133.1266708900531,138.82634029706318
2014-09-28 01:05:00,142.48999991615614,135.48681027313074
2014-09-28 01:10:00,137.11000437815983,135.69325483759243
2014-09-28 01:15:00,112.27000436564286,131.99694845577082
2014-09-28 01:20:00,103.48333076586324,120.37760204275449
2014-09-28 01:25:00,115.98333798666795,116.99717481811841
2014-09-28 01:30:00,114.59999415119489,121.73162866910299
2014-09-28 01:35:00,129.40666592081388,120.60338739653429
2014-09-28 01:40:00,123.70666600664457,124.89493717213472
2014-09-28 01:45:00,126.07000029226144,120.24461575468379
2014-09-28 01:50:00,96.47333512355884,119.9803936423858
2014-09-28 01:55:00,95.14333147128423,106.22458162655433
2014-09-28 02:00:00,88.07333041807016,105.25240705867608
2014-09-28 02:05:00,94.13000264157851,101.19374854077896
2014-09-28 02:10:00,92.41333621551593,101.91092459430297
2014-09-28 02:15:00,105.18333106239636,97.22593052764734
2014-09-28 02:20:00,103.86333443244297,98.40109769632419
2014-09-28 02:25:00,85.40333445270856,95.22530948777994
2014-09-28 02:30:00,89.06666968514523,86.1323353179296
2014-09-28 02:35:00,83.34999752094349,87.81215631624063
2014-09-28 02:40:00,80.98999890943368,87.0434272663792
2014-09-28 02:45:00,68.25000064750512,86.45485522081455
2014-09-28 02:50:00,73.25999954124292,79.33989295293887
2014-09-28 02:55:00,80.31666401853163,77.53236154009899
2014-09-28 03:00:00,75.28666944166025,77.88285826196274
2014-09-28 03:05:00,77.3233341233929,73.40535536577305
2014-09-28 03:10:00,73.24999863942466,73.43633123119672
2014-09-28 03:15:00,55.129998718996845,71.76381199290356
2014-09-28 03:20:00,49.7433318327864,63.375319953461485
2014-09-28 03:25:00,67.20666911234457,58.67831746002038
2014-09-28 03:30:00,60.146668960948794,64.67378465404113
2014-09-28 03:35:00,65.2133314709862,60.91013437827428
2014-09-28 03:40:00,55.11333258946737,62.311839722593625
2014-09-28 03:45:00,46.71000139062603,57.062902514239155
2014-09-28 03:50:00,47.39000150923928,51.11269643952449
2014-09-28 03:55:00,49.74666750689348,49.61263461281856
2014-09-28 04:00:00,48.409998626907665,50.10088549455007
2014-09-28 04:05:00,52.10000089069208,49.086935433795055
2014-09-28 04:10:00,44.689999778171384,50.81244292636712
2014-09-28 04:15:00,51.406667256404965,47.236652307858066
2014-09-28 04:20:00,37.9666670722266,49.580299995740255
2014-09-28 04:25:00,38.6833320637544,42.74646466930707
2014-09-28 04:30:00,36.623332964529595,41.89897392724951
2014-09-28 04:35:00,37.65333404426774,39.79358211790522
2014-09-28 04:40:00,34.933333569814764,39.328586087127526
2014-09-28 04:45:00,29.263333300848803,36.88214149196943
2014-09-28 04:50:00,40.6766666448613,32.38210902442535
2014-09-28 04:55:00,34.62333315571149,36.83061603789528
2014-09-28 05:00:00,31.240000222300495,34.75295622741183
2014-09-28 05:05:00,36.31333255042632,32.992567988534766
2014-09-28 05:10:00,34.96000060116251,35.58374717717369
2014-09-28 05:15:00,34.61333225389321,35.68734587033589
2014-09-28 05:20:00,31.26000049581131,36.16134210069975
2014-09-28 05:25:00,36.286665519078575,34.434093325038745
2014-09-28 05:30:00,30.24666707572837,36.67348436569174
2014-09-28 05:35:00,34.27666786869367,33.905089074422925
2014-09-28 05:40:00,28.190000590359173,35.36050795262059
2014-09-28 05:45:00,31.579998751481373,32.14491505314906
2014-09-28 05:50:00,29.546666683604318,32.785936748733114
2014-09-28 05:55:00,26.53666606855889,31.741454559018216
2014-09-28 06:00:00,27.896666305785377,29.58619748202463
2014-09-28 06:05:00,24.503334000681836,29.32524218817552
2014-09-28 06:10:00,25.183332589169343,27.178413043742378
2014-09-28 06:15:00,26.863332612191638,26.694389899422724
2014-09-28 06:20:00,17.456666599897048,27.191997500037154
2014-09-28 06:25:00,24.876666319047413,22.096300854136548
2014-09-28 06:30:00,20.483332579409083,24.54350592178603
2014-09-28 06:35:00,24.87333370519181,22.383549828653535
2014-09-28 06:40:00,24.513333372374376,24.31998362397154
2014-09-28 06:45:00,25.56000058164199,24.66899765399595
2014-09-28 06:50:00,27.88666693409284,25.82107063492139
2014-09-28 06:55:00,22.86999975239237,27.804673616339763
2014-09-28 07:00:00,24.18666682874163,26.07002515261372
2014-09-28 07:05:00,25.53666616414984,26.574766199414928
2014-09-28 07:10:00,30.909999534686406,27.28898911026617
2014-09-28 07:15:00,27.883332790111503,30.45273675938447
2014-09-28 07:20:00,29.900000258584818,30.016285224234064
2014-09-28 07:25:00,28.22999960725506,31.203656675790747
2014-09-28 07:30:00,29.569999570970733,30.897114345853527
2014-09-28 07:35:00,36.29333380704125,31.590229172160228
2014-09-28 07:40:00,29.2066666242977,35.549441758145896
2014-09-28 07:45:00,36.623332964529595,33.14808078770836
2014-09-28 07:50:00,28.873333322828014,36.901145653625335
2014-09-28 07:55:00,24.52666688804825,33.839596632619696
2014-09-28 08:00:00,30.576666233216724,30.55212913689514
2014-09-28 08:05:00,36.60666683500012,32.167619058837495
2014-09-28 08:10:00,32.233331838746864,35.32071244244775
2014-09-28 08:15:00,39.323334695597495,34.112035520126426
2014-09-28 08:20:00,31.246666980137427,38.02858514030775
2014-09-28 08:25:00,31.586667039444055,35.14392783527573
2014-09-28 08:30:00,28.54666677919527,34.88471841489275
2014-09-28 08:35:00,34.96333321501811,32.92514146779975
2014-09-28 08:40:00,36.62000035067399,35.67779788573583
2014-09-28 08:45:00,37.656666658123335,36.9887790148457
2014-09-28 08:50:00,38.29999884357054,38.33909355615576
2014-09-28 08:55:00,35.93333194409808,39.28588333805402
2014-09-28 09:00:00,36.306667322715114,38.50417270143827
2014-09-28 09:05:00,41.666667177577814,38.829547818948825
2014-09-28 09:10:00,42.34666729619105,42.0425180829068
2014-09-28 09:15:00,35.26333272730311,43.4762887421747
2014-09-28 09:20:00,47.3766679935654,40.6727250409623
2014-09-28 09:25:00,43.66333437254031,46.39516271894177
2014-09-28 09:30:00,47.3766679935654,45.85759894495209
2014-09-28 09:35:00,51.75666515727838,48.179595353653035
2014-09-28 09:40:00,44.02000056137641,51.635396572103105
2014-09-28 09:45:00,42.32000026484331,49.11624040191372
2014-09-28 09:50:00,41.65999888961514,47.991371526469784
2014-09-28 09:55:00,43.33666782890757,46.92014273886879
2014-09-28 10:00:00,49.72666570325692,46.76144727816184
2014-09-28 10:05:00,59.1366696848472,49.51129744549592
2014-09-28 10:10:00,51.06999981095394,55.309240708102784
2014-09-28 10:15:00,57.1533329453071,53.27505789031585
2014-09-28 10:20:00,54.11666682903965,56.88196514581641
2014-09-28 10:25:00,56.13000015353163,57.088088383873306
2014-09-28 10:30:00,50.763332010706264,58.91793515046437
2014-09-28 10:35:00,51.42999861364563,56.97432353531321
2014-09-28 10:40:00,54.119999442895256,56.95364847635229
2014-09-28 10:45:00,60.16333509047826,57.55330781300863
2014-09-28 10:50:00,57.78999990304311,60.2066192873319
2014-09-28 10:55:00,60.780000244577735,59.35356194784244
2014-09-28 11:00:00,65.89333158959946,61.02247008939584
2014-09-28 11:05:00,73.25666386713586,64.68342444618543
2014-09-28 11:10:00,62.513332800169785,70.56528286447127
2014-09-28 11:15:00,61.1533325629433,67.48700038840373
2014-09-28 11:20:00,65.49666791399319,67.3434011482199
2014-09-28 11:25:00,63.816669421096655,69.53257040192683
2014-09-28 11:30:00,77.97000198294721,68.86661683758099
2014-09-28 11:35:00,78.31000204225381,75.62338891138633
2014-09-28 11:40:00,64.82999825080236,77.21918152471383
2014-09-28 11:45:00,65.82666707148155,71.5713833801945
2014-09-28 11:50:00,64.17333560993275,71.46287910391887
2014-09-28 11:55:00,72.60000122626623,69.9807503508528
2014-09-28 12:00:00,84.68333072682222,73.45287495066722
2014-09-28 12:05:00,82.95333384533723,80.22652737160524
2014-09-28 12:10:00,79.3200013183554,81.59024275412162
2014-09-28 12:15:00,67.24333092500765,81.0887103809913
2014-09-28 12:20:00,66.86666905303797,75.70788245459399
2014-09-28 12:25:00,69.89666688134272,74.60957656194766
2014-09-28 12:30:00,78.66666823108991,74.95083744486173
2014-09-28 12:35:00,77.96666630884012,78.99028370400269
2014-09-28 12:40:00,80.34666672398647,78.90212397952874
2014-09-28 12:45:00,78.29000023861727,79.65905269970496
2014-09-28 12:50:00,69.55000159432491,78.8660313736399
2014-09-28 12:55:00,74.58999707301457,74.59641136010488
2014-09-28 13:00:00,80.65333452423414,76.80703909715017
2014-09-28 13:05:00,98.81333193143207,80.84461248238881
2014-09-28 13:10:00,92.08333093752464,91.4430712445577
2014-09-28 13:15:00,82.70000010778507,91.09930095543464
2014-09-28 13:20:00,72.23666368921599,87.8169976340731
2014-09-28 13:25:00,75.59666679551202,82.7709734599789
2014-09-28 13:30:00,89.06666968514523,83.24411281992991
2014-09-28 13:35:00,95.4499992715319,89.34526885886987
2014-09-28 13:40:00,85.32666903277239,92.913228293856
2014-09-28 13:45:00,82.99666700621445,88.59644368459782
2014-09-28 13:50:00,81.97333115418752,86.90973712046942
2014-09-28 13:55:00,84.0200028582414,85.55537386645874
2014-09-28 14:00:00,101.12999738206467,86.12969126065573
2014-09-28 14:05:00,93.0366665973266,95.10159576167663
2014-09-28 14:10:00,106.20666691442331,94.01321120431027
2014-09-28 14:15:00,89.72999755372604,101.82584960331519
2014-09-28 14:20:00,84.31666363616786,95.89370513280232
2014-09-28 14:25:00,78.92666719635328,92.91317932983239
2014-09-28 14:30:00,93.04999705274899,89.31681464066108
2014-09-28 14:35:00,90.69666366895039,95.12108344306549
2014-09-28 14:40:00,89.72999755372604,93.7778289019068
2014-09-28 14:45:00,93.07333453049263,91.83072553982336
2014-09-28 14:50:00,93.75666420271,92.18763042827447
2014-09-28 14:55:00,90.06000283171733,92.2302352493008
2014-09-28 15:00:00,86.31666650523741,90.88740914334853
2014-09-28 15:05:00,100.17666784276564,90.23652425726254
2014-09-28 15:10:00,96.77333157559237,97.5701292519768
2014-09-28 15:15:00,92.03999777664741,98.11969533224901
2014-09-28 15:20:00,86.31666650523741,96.26036610295377
2014-09-28 15:25:00,91.67666636010013,92.99959471096595
2014-09-28 15:30:00,97.06666892041763,94.40503968258699
2014-09-28 15:35:00,107.54666534801324,97.13027318706115
2014-09-28 15:40:00,93.04666749914487,102.72788320740064
2014-09-28 15:45:00,95.38666430701814,96.95173811604577
2014-09-28 15:50:00,92.3899987377723,98.20679620971282
2014-09-28 15:55:00,94.06666767706474,97.2394201161464
2014-09-28 16:00:00,106.81000161310037,97.84938944001992
2014-09-28 16:05:00,97.08666460355123,103.84286135007937
2014-09-28 16:10:00,105.87666775693496,100.42967107315857
2014-09-28 16:15:00,102.79666541953881,104.76765710463127
2014-09-28 16:20:00,103.50999779721101,104.05581812967857
2014-09-28 16:25:00,102.47666716386874,104.71525335838398
2014-09-28 16:30:00,106.48333200921616,104.99825317372878
2014-09-28 16:35:00,94.72666599204143,107.80696421792109
2014-09-28 16:40:00,91.05333597828945,103.28819689085086
2014-09-28 16:45:00,104.83666577537855,100.20143751819928
2014-09-28 16:50:00,119.99000283201535,105.2646358235677
2014-09-28 16:55:00,107.20000006099541,112.12969795604546
2014-09-28 17:00:00,106.16333375354608,106.8743342195948
2014-09-28 17:05:00,102.84333425452311,107.2541848736008
2014-09-28 17:10:00,93.07999975820383,106.48910976399976
2014-09-28 17:15:00,92.68333608259758,102.66856941332419
2014-09-28 17:20:00,105.09333518703778,101.71457273920377
2014-09-28 17:25:00,103.12333502342304,106.42291652460894
2014-09-28 17:30:00,113.19333119948705,104.46515124638874
2014-09-28 17:35:00,106.51333471467098,108.40382954498133
2014-09-28 17:40:00,98.386665550371,105.12628185441096
2014-09-28 17:45:00,102.06666691233714,101.21434403320154
2014-09-28 17:50:00,102.80333064725002,103.79600277950367
2014-09-28 17:55:00,101.79000181754431,106.04913128902514
2014-09-28 18:00:00,100.7866677691539,106.06379601409039
2014-09-28 18:05:00,101.4333356287082,105.29151095201571
2014-09-28 18:10:00,107.51666876306136,104.68765601058801
2014-09-28 18:15:00,99.8066650780042,106.41382145722707
2014-09-28 18:20:00,98.50666413118444,102.25828761865696
2014-09-28 18:25:00,106.89999748845895,101.49602794041236
2014-09-28 18:30:00,109.19999680956204,105.61117258002359
2014-09-28 18:35:00,109.55000389118989,108.05304515947897
2014-09-28 18:40:00,94.74999734928211,109.19129345436892
2014-09-28 18:45:00,102.82666812499365,102.53063163836796
2014-09-28 18:50:00,112.56999469717344,105.90082538207373
2014-09-28 18:55:00,105.84333549787601,110.8916303785642
2014-09-28 19:00:00,106.8733304571112,108.2653776477774
2014-09-28 19:05:00,101.45333131184181,108.6347193982204
2014-09-28 19:10:00,95.08999740858873,106.09346209188303
2014-09-28 19:15:00,91.36999855985243,102.75888355483612
2014-09-28 19:20:00,101.41333382507165,99.42537610580524
2014-09-28 19:25:00,96.76333067377408,102.36018787225088
2014-09-28 19:30:00,103.12666457702716,99.26694688697656
2014-09-28 19:35:00,88.67666511674723,101.30328106154998
2014-09-28 19:40:00,92.35666647871336,93.94766673823199
2014-09-28 19:45:00,89.35000000764926,93.8653276120623
2014-09-28 19:50:00,99.0399986376365,91.9936043642958
2014-09-28 19:55:00,91.32000017126401,96.89331791539986
2014-09-28 20:00:00,84.9833332993587,93.70245490809282
2014-09-28 20:05:00,89.33666955222687,90.24284061630567
2014-09-28 20:10:00,101.7366677548488,91.3252454422911
2014-09-28 20:15:00,88.01333112766346,97.02299913187822
2014-09-28 20:20:00,89.38333226670821,91.0142198439439
2014-09-28 20:25:00,86.0300005086263,91.66197715302309
2014-09-28 20:30:00,89.35333568175633,90.0979193474849
2014-09-28 20:35:00,96.0800010015567,91.71754519929489
2014-09-28 20:40:00,79.93666647245486,94.66538751651844
2014-09-28 20:45:00,90.38333064099153,86.98318927635749
2014-09-28 20:50:00,89.36333046307166,90.72019700278838
2014-09-28 20:55:00,86.99666662385066,90.65595620383819
2014-09-28 21:00:00,93.39666846026977,89.28537361701329
2014-09-28 21:05:00,78.89333493729433,92.0042479189237
2014-09-28 21:10:00,79.93666647245486,85.36866180350383
2014-09-28 21:15:00,78.57000100751719,85.2700849830111
2014-09-28 21:20:00,88.97666768928369,83.3479777549704
2014-09-28 21:25:00,80.56999775608382,87.35551171173653
2014-09-28 21:30:00,82.60333288421234,82.99534497757753
2014-09-28 21:35:00,78.90000016500552,83.246732395192
2014-09-28 21:40:00,79.28333338518937,81.50715080608924
2014-09-28 21:45:00,71.56333491881688,80.86626682182153
2014-09-28 21:50:00,75.86333098848661,76.88956183840831
2014-09-28 21:55:00,80.88333078404267,78.01889868100484
2014-09-28 22:00:00,71.16666512270768,80.16718297501404
2014-09-28 22:05:00,70.52333293726046,75.58878970821698
2014-09-28 22:10:00,76.8466693537434,73.69700345178445
2014-09-28 22:15:00,66.46333402921756,75.91342118461927
2014-09-28 22:20:00,78.26333320726951,70.65038233747083
2014-09-28 22:25:00,65.79333481242259,76.07391913344463
2014-09-28 22:30:00,65.8133304955562,70.44317883064349
2014-09-28 22:35:00,68.84999967207511,69.49340530355772
2014-09-28 22:40:00,63.12333272655804,70.22374655892452
2014-09-28 22:45:00,66.80999931623538,66.93988250931103
2014-09-28 22:50:00,61.47333081861337,67.5234847064813
2014-09-28 22:55:00,57.736665840347605,64.48911071856817
2014-09-28 23:00:00,72.19000097473463,61.75981932063896
2014-09-28 23:05:00,58.39999982943137,68.00631894310314
2014-09-28 23:10:00,60.08999922414622,62.029653934141
2014-09-28 23:15:00,52.359999855955444,62.24871897568307
2014-09-28 23:20:00,65.82666707148155,57.67561994393667
2014-09-28 23:25:00,54.37333318044742,63.73076816221078
2014-09-28 23:30:00,50.70000010644396,58.441405031879746
2014-09-28 23:35:00,50.36333266099294,55.301406464328366
2014-09-28 23:40:00,53.41333229293426,53.73750473161538
2014-09-28 23:45:00,45.66333418135841,54.04658707027634
2014-09-28 23:50:00,45.340000251581266,49.51784944390257
2014-09-28 23:55:00,47.656665702213836,47.62937437956532
2014-09-29 00:00:00,44.92666738619406,47.61522071649631
2014-09-29 00:05:00,44.9700005470713,46.26034640048942
2014-09-29 00:10:00,45.62333363433679,45.61635014047226
2014-09-29 00:15:00,38.94000147541364,45.79165664618214
2014-09-29 00:20:00,41.64666537394127,42.17671317030986
2014-09-29 00:25:00,38.92666795973977,43.04003153299292
2014-09-29 00:30:00,34.250000837345915,41.28885465105375
2014-09-29 00:35:00,39.27999847446879,37.972304055442414
2014-09-29 00:40:00,37.619998724957306,39.34831246813139
2014-09-29 00:45:00,34.583332608689865,38.53417540689309
2014-09-29 00:50:00,26.519999939029415,36.53921277200183
2014-09-29 00:55:00,29.193333108623822,31.443083100517583
2014-09-29 01:00:00,37.61333349724611,30.999482817923028
2014-09-29 01:05:00,30.55666595970591,34.77367412989339
2014-09-29 01:10:00,32.22666661103567,32.07766296674808
2014-09-29 01:15:00,24.83999991600712,32.73024935265382
2014-09-29 01:20:00,28.213333477725584,28.823302801599105
2014-09-29 01:25:00,23.15999989298483,29.506632473816474
2014-09-29 01:30:00,21.49666599949201,26.492290892054637
2014-09-29 01:35:00,17.146666950856645,24.333343151782948
2014-09-29 01:40:00,18.140000097428757,20.875470143084726
2014-09-29 01:45:00,18.79000057083865,19.750082555015883
2014-09-29 01:50:00,15.779999955793224,19.084317196135718
2014-09-29 01:55:00,16.783333239120743,16.848456155558427
2014-09-29 02:00:00,19.430000142430266,16.74201142852505
2014-09-29 02:05:00,18.436666995858154,18.389422833596665
2014-09-29 02:10:00,16.769999723446865,18.61976643194755
2014-09-29 02:15:00,13.083333133769534,18.309284028237066
2014-09-29 02:20:00,13.413333056320747,16.378999808256825
2014-09-29 02:25:00,13.78000014697512,15.990231581454475
2014-09-29 02:30:00,12.770000105810663,15.727615336117646
2014-09-29 02:35:00,12.419999909748634,14.891123137859006
2014-09-29 02:40:00,12.766666726892193,14.24840682802101
2014-09-29 02:45:00,12.113333257095267,14.136460533899566
2014-09-29 02:50:00,10.420000100930531,13.730273355705043
2014-09-29 02:55:00,11.409999868584176,12.678041844194134
2014-09-29 03:00:00,13.453333603342372,12.889902288702627
2014-09-29 03:05:00,16.463333453324935,14.096853229192396
2014-09-29 03:10:00,13.443333466586967,16.263446242709954
2014-09-29 03:15:00,14.453333507751427,15.660082471643886
2014-09-29 03:20:00,15.776666576874753,16.30878310324003
2014-09-29 03:25:00,16.143333667529127,17.304833753121397
2014-09-29 03:30:00,15.793333471467097,17.955722464521727
2014-09-29 03:35:00,14.78333343030264,18.110626273651917
2014-09-29 03:40:00,16.810000270468493,17.687378958550593
2014-09-29 03:45:00,13.100000028361876,18.607380064104994
2014-09-29 03:50:00,14.110000069526334,16.78325826295962
2014-09-29 03:55:00,19.840000393961866,16.615426421475906
2014-09-29 04:00:00,17.12333329842736,19.385531628256043
2014-09-29 04:05:00,14.78333343030264,18.880925232519704
2014-09-29 04:10:00,18.13333333959182,17.8587798183163
2014-09-29 04:15:00,16.46000007440647,19.303385297929246
2014-09-29 04:20:00,19.476665917163093,18.79845145528515
2014-09-29 04:25:00,15.116666731772323,20.40434289847811
2014-09-29 04:30:00,22.853333622862895,18.605514840831358
2014-09-29 04:35:00,21.1733335998406,22.313093658958874
2014-09-29 04:40:00,20.15333342192074,22.545588614096243
2014-09-29 04:45:00,21.160000084166725,22.5235670444866
2014-09-29 04:50:00,23.5266669836392,23.137529996534187
2014-09-29 04:55:00,27.536665972967942,24.661688243349392
2014-09-29 05:00:00,25.49999976110955,27.56712618601819
2014-09-29 05:05:00,31.54333387856682,27.66841591944297
2014-09-29 05:10:00,26.8500006266435,31.362538811837634
2014-09-29 05:15:00,30.523333700646962,30.298238433574642
2014-09-29 05:20:00,35.24666659777363,32.34766283382972
2014-09-29 05:25:00,41.016666704167925,35.60697142561277
2014-09-29 05:30:00,33.95000132506092,39.97768378635248
2014-09-29 05:35:00,35.60666540046534,38.26860372369488
2014-09-29 05:40:00,45.34333286543687,39.25457084496816
2014-09-29 05:45:00,33.25333201666674,44.70947827880581
2014-09-29 05:50:00,40.30666694035133,39.91380409707625
2014-09-29 05:55:00,29.58333308664461,42.675883029301964
2014-09-29 06:00:00,43.99999875773987,37.209175265779095
2014-09-29 06:05:00,40.31333216806253,43.0296297382315
2014-09-29 06:10:00,54.75333378677567,42.14721846659979
2014-09-29 06:15:00,56.41999876399835,50.02687637289365
2014-09-29 06:20:00,50.74666588117679,53.79359914114078
2014-09-29 06:25:00,47.3766679935654,53.54631552075347
2014-09-29 06:30:00,59.80999845524629,53.11921458398302
2014-09-29 06:35:00,56.810000272144876,59.867059904237585
2014-09-29 06:40:00,59.14666446616252,60.25177635808787
2014-09-29 06:45:00,54.0899997976919,62.513173667093106
2014-09-29 06:50:00,59.153335814376675,60.35617377688489
2014-09-29 06:55:00,64.85333572854599,62.48278536995253
2014-09-29 07:00:00,63.126668400665125,65.24017599691946
2014-09-29 07:05:00,64.1366676767667,65.31576420833667
2014-09-29 07:10:00,65.49333223988614,66.20053187360367
2014-09-29 07:15:00,68.15999865164359,67.83768072535594
2014-09-29 07:20:00,80.96333187808592,70.10588403364022
2014-09-29 07:25:00,82.34333391894897,77.55290194799503
2014-09-29 07:30:00,76.30999917318424,80.59663418491681
2014-09-29 07:35:00,74.25999791552623,80.07449407835801
2014-09-29 07:40:00,83.6800027989348,80.17221402843793
2014-09-29 07:45:00,67.18000208099683,85.50871115197737
2014-09-29 07:50:00,72.9199994819363,78.07678027739128
2014-09-29 07:55:00,69.5633320497473,79.27416487177213
2014-09-29 08:00:00,83.34000273962816,76.47216189881166
2014-09-29 08:05:00,79.98333530743916,81.6752687810858
2014-09-29 08:10:00,88.70999737580617,80.05119332363208
2014-09-29 08:15:00,92.41000054140886,84.46419835974773
2014-09-29 08:20:00,84.38666382839283,88.0884725423654
2014-09-29 08:25:00,82.68666965236267,86.92014197548231
2014-09-29 08:30:00,101.4866696914037,87.73170230497917
2014-09-29 08:35:00,87.39333029945692,98.10486535360415
2014-09-29 08:40:00,85.6733343197902,93.56667155017455
2014-09-29 08:45:00,86.73333198448022,93.13982155402502
2014-09-29 08:50:00,81.67666425575814,92.7296805309256
2014-09-29 08:55:00,84.35666724344095,89.15732045431932
2014-09-29 09:00:00,83.66333054890235,88.40586346377928
2014-09-29 09:05:00,87.39333029945692,86.88573250790436
2014-09-29 09:10:00,90.04000102808078,87.45520858426887
2014-09-29 09:15:00,88.40000002195438,88.68672110309204
2014-09-29 09:20:00,97.78333085169395,88.49112819035848
2014-09-29 09:25:00,96.12999939014514,93.64123763759932
2014-09-29 09:30:00,85.03666736205419,94.65630469014248
2014-09-29 09:35:00,89.73666890194019,91.53457276364168
2014-09-29 09:40:00,86.06666844179233,94.00377338876326
2014-09-29 09:45:00,74.92000235100588,92.3990999256571
2014-09-29 09:50:00,80.65666407783826,85.89823220064243
2014-09-29 09:55:00,95.43999836971362,85.85824083437522
2014-09-29 10:00:00,91.106663920482,91.38815197159846
2014-09-29 10:05:00,75.97333478798468,89.1423435836037
2014-09-29 10:10:00,83.34333229323228,81.43230929603178
2014-09-29 10:15:00,81.68333560397228,84.02220623930296
2014-09-29 10:20:00,84.72333433409533,83.4752842163046
2014-09-29 10:25:00,78.9766655849417,85.54664602925381
2014-09-29 10:30:00,95.43999836971362,83.17204389770826
2014-09-29 10:35:00,79.3133360906442,90.83004166920979
2014-09-29 10:40:00,71.55666969110568,84.2696887760361
2014-09-29 10:45:00,79.00666829039653,79.50430190314849
2014-09-29 10:50:00,69.56666772385438,81.26258774926265
2014-09-29 10:55:00,72.25666549285253,75.80589618881544
2014-09-29 11:00:00,70.223330364724,75.7861086027821
2014-09-29 11:05:00,75.62999905457099,73.39323064943154
2014-09-29 11:10:00,77.61666534771523,74.17065081348022
2014-09-29 11:15:00,77.30333231975635,74.97159819086392
2014-09-29 11:20:00,73.25333431353171,75.35714703311523
2014-09-29 11:25:00,78.65333165516456,74.3688571809729
2014-09-29 11:30:00,62.18333364268144,77.74397180904944
2014-09-29 11:35:00,70.93333318879208,71.2654500403007
2014-09-29 11:40:00,69.23999811997017,74.21780316819746
2014-09-29 11:45:00,60.49999947567781,72.69251262833674
2014-09-29 11:50:00,73.59333437283834,67.26444666018088
2014-09-29 11:55:00,66.5066671900948,71.6571132649978
2014-09-29 12:00:00,68.90333373477061,68.05634181370338
2014-09-29 12:05:00,57.44333461602529,68.5475060548385
2014-09-29 12:10:00,66.89000041027863,62.851178442438446
2014-09-29 12:15:00,57.79666513075431,66.64598819871743
2014-09-29 12:20:00,64.5533331560095,62.416690058608836
2014-09-29 12:25:00,64.84333482672771,64.8480904575189
2014-09-29 12:30:00,64.15666948040327,65.36193116207919
2014-09-29 12:35:00,64.88999754120906,64.80771962006887
2014-09-29 12:40:00,61.17333436657985,65.50106855561336
2014-09-29 12:45:00,59.813334129353365,64.0229058884581
2014-09-29 12:50:00,59.12333310892185,62.932593372662865
2014-09-29 12:55:00,61.163333464761585,62.592507626314955
2014-09-29 13:00:00,60.47666811843713,63.20720809896787
2014-09-29 13:05:00,68.2000022589167,62.75946270575125
2014-09-29 13:10:00,65.54333062847456,66.27809700747332
2014-09-29 13:15:00,67.18333163460096,66.11597712536653
2014-09-29 13:20:00,64.51666522284349,67.4343640630444
2014-09-29 13:25:00,71.59333150376877,67.13387185027203
2014-09-29 13:30:00,66.87999950846036,71.42056194653114
2014-09-29 13:35:00,67.58000143071015,70.44507006605467
2014-09-29 13:40:00,63.18000246336063,71.19495408733685
2014-09-29 13:45:00,69.24333379407723,68.975794369181
2014-09-29 13:50:00,75.59000156780083,71.25792182167372
2014-09-29 13:55:00,62.129999579985935,74.55990868051846
2014-09-29 14:00:00,76.58666426797708,68.4378511240085
2014-09-29 14:05:00,72.55333239128193,74.76452933510146
2014-09-29 14:10:00,74.2699988173445,74.17424966921409
2014-09-29 14:15:00,64.53666702648003,75.5993598168095
2014-09-29 14:20:00,69.57666862567267,71.31192913969359
2014-09-29 14:25:00,76.95666703273854,72.9477008782824
2014-09-29 14:30:00,68.86666580160458,76.82848533948263
2014-09-29 14:35:00,70.94999931832155,73.26534886082014
2014-09-29 14:40:00,72.92333515604336,73.63500887741645
2014-09-29 14:45:00,70.53666951318581,74.24820982684692
2014-09-29 14:50:00,73.89333082487187,73.21927371462186
2014-09-29 14:55:00,77.94666450520357,75.04058237959941
2014-09-29 15:00:00,68.86666580160458,77.22716266055902
2014-09-29 15:05:00,81.9766668282946,73.81268095751604
2014-09-29 15:10:00,71.9233306612571,80.24037194927533
2014-09-29 15:15:00,80.28000220586856,76.61080965210994
2014-09-29 15:20:00,75.92333027889332,80.37759362538655
2014-09-29 15:25:00,85.030002134343,79.07594626327355
2014-09-29 15:30:00,91.07000210781894,84.17477813680966
2014-09-29 15:35:00,83.35333319505055,88.47373984148105
2014-09-29 15:40:00,76.25666511048873,86.44779216041168
2014-09-29 15:45:00,89.0833358146747,83.56588602145513
2014-09-29 15:50:00,82.32000256170829,89.62989672799905
2014-09-29 15:55:00,84.68000117321809,87.24505499502023
2014-09-29 16:00:00,104.14333520134291,88.24523086388908
2014-09-29 16:05:00,94.72333031793434,97.73254903872808
2014-09-29 16:10:00,99.10999882986148,95.4489465450247
2014-09-29 16:15:00,94.47666792859634,98.38386236002047
2014-09-29 16:20:00,93.1033311154445,97.8778436582287
2014-09-29 16:25:00,89.02666607787212,98.06717529644567
2014-09-29 16:30:00,83.33666706552108,96.78299584974845
2014-09-29 16:35:00,91.390000363489,93.66854732175668
2014-09-29 16:40:00,93.75333464910587,95.63396934916575
2014-09-29 16:45:00,94.42333386590083,94.95849840273459
2014-09-29 16:50:00,94.40666773637136,94.3173022728165
2014-09-29 16:55:00,107.85333314826093,93.53792966832717
2014-09-29 17:00:00,90.72666637440523,100.44923832108577
2014-09-29 17:05:00,106.5699983309706,95.00435933132967
2014-09-29 17:10:00,97.46333259602387,103.54686770697435
2014-09-29 17:15:00,107.52666966487963,101.64075335313876
2014-09-29 17:20:00,94.42999909361204,107.45595337380965
2014-09-29 17:25:00,108.19333320756753,102.3711741750439
2014-09-29 17:30:00,108.21666456480821,108.5135701628526
2014-09-29 17:35:00,93.41333458979925,108.79133082767328
2014-09-29 17:40:00,98.4500005148848,101.88519399990638
2014-09-29 17:45:00,102.88333174129328,103.2497295298179
2014-09-29 17:50:00,89.08000014056763,104.80761786838374
2014-09-29 17:55:00,104.18999791582426,97.4005484767755
2014-09-29 18:00:00,116.96667023142179,103.47306668241819
2014-09-29 18:05:00,113.900004469951,109.30195214768251
2014-09-29 18:10:00,125.71333410342534,109.57209890683494
2014-09-29 18:15:00,110.60000065406163,116.82572728951774
2014-09-29 18:20:00,105.55999905486901,113.19805622776349
2014-09-29 18:25:00,98.09666387965282,112.55504842897257
2014-09-29 18:30:00,107.52666966487963,110.66539210756619
2014-09-29 18:35:00,110.86332917292913,115.05641229708989
2014-09-29 18:40:00,108.88666378160319,115.08697808881601
2014-09-29 18:45:00,103.85666920473177,112.14425251205762
2014-09-29 18:50:00,108.8900055762132,107.68170200457176
2014-09-29 18:55:00,119.30666091879209,107.74159724642833
2014-09-29 19:00:00,109.58333615024884,112.78147031505902
2014-09-29 19:05:00,111.28000077267488,110.14562675615151
2014-09-29 19:10:00,112.61999920626481,112.20566563864548
2014-09-29 19:15:00,114.24332796235879,114.82227857728799
2014-09-29 19:20:00,99.82666688164075,116.44493407805761
2014-09-29 19:25:00,113.5966723438104,109.71679983754953
2014-09-29 19:30:00,104.5133318456014,114.81428520043691
2014-09-29 19:35:00,97.45666736831268,110.21560858686765
2014-09-29 19:40:00,103.5033325694998,105.48280727167925
2014-09-29 19:45:00,95.47000107516844,106.38818879087765
2014-09-29 19:50:00,90.10333599259457,100.67434429903825
2014-09-29 19:55:00,103.17666908611854,95.84968647559484
2014-09-29 20:00:00,113.65999506731828,100.69268744637567
2014-09-29 20:05:00,113.59000099559626,105.58107806702455
2014-09-29 20:10:00,122.67332925279935,106.91543951739868
2014-09-29 20:15:00,110.5566674931844,113.52354457457861
2014-09-29 20:20:00,94.0999999361237,111.37884689529737
2014-09-29 20:25:00,101.47333311547835,105.51128597189982
2014-09-29 20:30:00,116.96667023142179,110.07831346472105
2014-09-29 20:35:00,107.18666960557302,117.74600611289343
2014-09-29 20:40:00,98.1533336164554,112.6506506850322
2014-09-29 20:45:00,95.80333590676388,106.61397414465746
2014-09-29 20:50:00,100.1633312668403,102.64573381682237
2014-09-29 20:55:00,104.82333531995614,101.92368584295114
2014-09-29 21:00:00,104.85999713261923,103.05865966876348
2014-09-29 21:05:00,95.45333494563896,103.28667900611957
2014-09-29 21:10:00,97.81666923125584,99.03098925729591
2014-09-29 21:15:00,96.73666364242634,100.3015934284528
2014-09-29 21:20:00,92.42000144322714,99.59286366899808
2014-09-29 21:25:00,98.14333271463713,96.36126871456703
2014-09-29 21:30:00,87.01999798109132,98.35147877891858
2014-09-29 21:35:00,100.15333036502203,93.24458620299896
2014-09-29 21:40:00,99.47000069280466,98.44550194521744
2014-09-29 21:45:00,79.94333170016607,98.01613030185301
2014-09-29 21:50:00,90.76999953528245,88.14713756312926
2014-09-29 21:55:00,83.32333048959573,91.92407545079787
2014-09-29 22:00:00,88.07333041807016,88.27520296682914
2014-09-29 22:05:00,95.10333398451408,89.66016261508067
2014-09-29 22:10:00,87.00999707927306,92.4349721934398
2014-09-29 22:15:00,90.38666631509861,88.70119609256587
2014-09-29 22:20:00,70.90000092973311,90.07264167030654
2014-09-29 22:25:00,79.64333524813254,80.42325869788726
2014-09-29 22:30:00,84.04666376908621,83.02587404628595
2014-09-29 22:35:00,77.96333063473304,84.2513884722193
2014-09-29 22:40:00,74.27666404505571,81.14998273601135
2014-09-29 22:45:00,72.60000122626623,78.22182395627101
2014-09-29 22:50:00,72.90999858011803,75.25161120076974
2014-09-29 22:55:00,75.23666493256887,74.18257967372736
2014-09-29 23:00:00,70.88333480020363,74.39748277326424
2014-09-29 23:05:00,73.59999960054954,72.20808706094822
2014-09-29 23:10:00,65.16666875650485,73.6490860341986
2014-09-29 23:15:00,64.81999734898409,69.47617608775695
2014-09-29 23:20:00,61.79666474839052,68.43170613904795
2014-09-29 23:25:00,55.74999954720338,65.30915406515201
2014-09-29 23:30:00,49.380000416239106,60.80219318826993
2014-09-29 23:35:00,66.52999854733547,55.45310925041636
2014-09-29 23:40:00,63.173331115146475,61.81239444096883
2014-09-29 23:45:00,55.420000389715035,60.6311190103491
2014-09-29 23:50:00,58.796669625540574,56.83390695666274
2014-09-29 23:55:00,52.38666688730319,58.24116053690513
2014-09-30 00:00:00,44.66333274682363,55.611789409865935
2014-09-30 00:05:00,53.10333187883099,51.01778886054954
2014-09-30 00:10:00,44.6799988763531,53.93314048786958
2014-09-30 00:15:00,45.029999837478,49.12371353601416
2014-09-30 00:20:00,36.62666557838519,47.529224589814746
2014-09-30 00:25:00,42.026665980269506,41.517926714917024
2014-09-30 00:30:00,39.99666652624805,41.729295224001014
2014-09-30 00:35:00,34.96000060116251,39.657465192576254
2014-09-30 00:40:00,39.98666562442979,36.74562367369731
2014-09-30 00:45:00,32.58333279987176,38.63715898950895
2014-09-30 00:50:00,36.61666773681839,34.95095449780424
2014-09-30 00:55:00,35.60666540046534,36.3842171553274
2014-09-30 01:00:00,26.869999370028577,36.03589933251341
2014-09-30 01:05:00,36.290001193185645,31.201673632835348
2014-09-30 01:10:00,29.213333382134635,35.04236114909252
2014-09-30 01:15:00,28.89666621019443,31.855005189975103
2014-09-30 01:20:00,20.45999969204267,30.927765824620923
2014-09-30 01:25:00,15.443333275405069,25.53454387975236
2014-09-30 01:30:00,15.446666654323538,20.71354764719804
2014-09-30 01:35:00,21.49666599949201,18.10568090726932
2014-09-30 01:40:00,18.470000019979974,19.504176047792036
2014-09-30 01:45:00,21.51333365914722,18.042942691793044
2014-09-30 01:50:00,17.12333329842736,19.453114221816264
2014-09-30 01:55:00,20.80666650918623,17.969388017480572
2014-09-30 02:00:00,14.756666398954888,20.030178191711506
2014-09-30 02:05:00,16.13000015185525,17.566535748330256
2014-09-30 02:10:00,14.776666672465701,18.063646823142964
2014-09-30 02:15:00,14.116666827363273,17.297210666698714
2014-09-30 02:20:00,8.736666698989767,16.618911282842358
2014-09-30 02:25:00,12.7766668636476,13.12480336656173
2014-09-30 02:30:00,13.110000165117283,13.711151374367375
2014-09-30 02:35:00,11.086666703869898,13.641956793343025
2014-09-30 02:40:00,10.766666535542656,12.714000564080974
2014-09-30 02:45:00,9.413333438684543,12.34296572950979
2014-09-30 02:50:00,9.410000059766075,11.589457222887626
2014-09-30 02:55:00,11.413333247502644,11.311365668376286
2014-09-30 03:00:00,9.070000000459453,12.331412515131136
2014-09-30 03:05:00,11.769999818870177,11.388765548666319
2014-09-30 03:10:00,8.74000007790824,12.69935420052459
2014-09-30 03:15:00,11.090000082788368,11.53262758794551
2014-09-30 03:20:00,7.73999998223347,12.527555508067211
2014-09-30 03:25:00,7.73000003674378,10.927975068477293
2014-09-30 03:30:00,12.426666667585573,10.499098420788844
2014-09-30 03:35:00,10.760000160237153,12.719016316247483
2014-09-30 03:40:00,8.736666698989767,12.533478624795874
2014-09-30 03:45:00,15.446666654323538,11.6553696842057
2014-09-30 03:50:00,13.100000028361876,14.991647043352327
2014-09-30 03:55:00,14.443333370996019,14.899782119405767
2014-09-30 04:00:00,12.430000046504041,16.05493677356591
2014-09-30 04:05:00,13.43666670875003,15.485205166203281
2014-09-30 04:10:00,12.436666804340978,15.990253768277668
2014-09-30 04:15:00,14.456666886669893,15.479278224160273
2014-09-30 04:20:00,13.43666670875003,16.340138439846534
2014-09-30 04:25:00,11.096666840625305,15.888988516864677
2014-09-30 04:30:00,15.460000169997414,14.46493033071359
2014-09-30 04:35:00,14.786666809221108,16.282414446411032
2014-09-30 04:40:00,10.409999964175123,16.342337995593745
2014-09-30 04:45:00,15.800000229304036,14.141640774582823
2014-09-30 04:50:00,24.866666947354872,16.421307784890136
2014-09-30 04:55:00,15.116666731772323,21.919127595027287
2014-09-30 05:00:00,21.50333275732895,18.95084738833209
2014-09-30 05:05:00,16.123333394018314,22.120141743247707
2014-09-30 05:10:00,17.159999701467655,20.231573341240484
2014-09-30 05:15:00,22.84000010718902,20.349631722619137
2014-09-30 05:20:00,26.216666282763082,23.219631953214606
2014-09-30 05:25:00,27.20333267149826,25.918094377790887
2014-09-30 05:30:00,36.94666689430674,27.694402044837673
2014-09-30 05:35:00,31.583334425588454,34.20280869935949
2014-09-30 05:40:00,27.893333691929776,34.02927713950474
2014-09-30 05:45:00,38.6233327733477,32.86192891334494
2014-09-30 05:50:00,41.33666802008947,38.58577124675115
2014-09-30 05:55:00,37.98000058790048,42.028462347884975
2014-09-30 06:00:00,46.37333394517501,41.75891233777006
2014-09-30 06:05:00,36.276667677511774,46.80571993624171
2014-09-30 06:10:00,41.34999847551187,42.91253533606728
2014-09-30 06:15:00,52.78333362316092,44.74107843553026
2014-09-30 06:20:00,59.47999929775794,51.063022437592345
2014-09-30 06:25:00,60.829998633166156,56.732012823571765
2014-09-30 06:30:00,58.81000008096298,60.1854423471292
2014-09-30 06:35:00,53.77666676973303,61.731108041306335
2014-09-30 06:40:00,54.10666592722137,60.51894243230422
2014-09-30 06:45:00,58.48000092347463,60.579908762176835
2014-09-30 06:50:00,66.90000131209693,62.74078293075163
2014-09-30 06:55:00,60.17000031818946,67.37287749042113
2014-09-30 07:00:00,68.2600015493234,64.82626474400361
2014-09-30 07:05:00,70.57666699995598,68.86051469614108
2014-09-30 07:10:00,66.90666653980811,70.71674083044131
2014-09-30 07:15:00,75.30333557118973,69.82934134890635
2014-09-30 07:20:00,79.99333620925745,74.93439165343841
2014-09-30 07:25:00,83.00000268032153,79.40479476620753
2014-09-30 07:30:00,91.41666739483675,83.17312110622724
2014-09-30 07:35:00,88.04999906082948,89.48062378158173
2014-09-30 07:40:00,82.35666437437136,90.24194702287515
2014-09-30 07:45:00,86.0366657363375,88.90667973806462
2014-09-30 07:50:00,84.04666376908621,91.26442600448927
2014-09-30 07:55:00,78.65333165516456,90.92946311910947
2014-09-30 08:00:00,87.40333120127521,87.51039103885492
2014-09-30 08:05:00,87.05666591425737,90.39977643241484
2014-09-30 08:10:00,89.78333161642155,89.52396918346484
2014-09-30 08:15:00,107.55333057572444,89.91187441935142
2014-09-30 08:20:00,101.88666904111703,99.01504534711441
2014-09-30 08:25:00,107.58999850889047,98.93561958034833
2014-09-30 08:30:00,93.75999987681706,104.09450582881769
2014-09-30 08:35:00,95.46333584745724,100.6923753007253
2014-09-30 08:40:00,96.84333176781733,102.7803053151568
2014-09-30 08:45:00,94.80000185837348,103.91066428174577
2014-09-30 08:50:00,95.48333153059085,102.59041059066853
2014-09-30 08:55:00,103.86666398604712,101.37161035646994
2014-09-30 09:00:00,85.05666916569075,103.47268721123537
2014-09-30 09:05:00,99.83999733706314,93.30019097228843
2014-09-30 09:10:00,90.06999761303267,98.22885450234016
2014-09-30 09:15:00,99.84333301117023,93.28495704044897
2014-09-30 09:20:00,92.76666673024495,98.15319284488757
2014-09-30 09:25:00,96.43666719039281,95.45252703924974
2014-09-30 09:30:00,96.15333074738581,97.51667277922233
2014-09-30 09:35:00,100.47333474119506,97.40209084351858
2014-09-30 09:40:00,93.79666780998309,99.77116616090139
2014-09-30 09:45:00,91.08666823734839,97.25637390931449
2014-09-30 09:50:00,89.10000194420417,95.83320396115383
2014-09-30 09:55:00,83.01333313574393,94.44437003453574
2014-09-30 10:00:00,78.01333514382443,90.81222488512594
2014-09-30 10:05:00,90.44333605190118,85.66141158004602
2014-09-30 10:10:00,88.09999744941791,89.62173197706541
2014-09-30 10:15:00,107.89000108142695,87.29974168886741
2014-09-30 10:20:00,86.09333547314009,97.03708240916332
2014-09-30 10:25:00,82.72666713913281,88.44528562327227
2014-09-30 10:30:00,77.96666630884012,87.1257296695312
2014-09-30 10:35:00,84.37999860068162,85.10895050187906
2014-09-30 10:40:00,81.74333489437896,88.1143806313475
2014-09-30 10:45:00,82.70666533549627,86.3424338226517
2014-09-30 10:50:00,81.68333560397228,85.43009329160054
2014-09-30 10:55:00,89.38666794081529,83.53177645852169
2014-09-30 11:00:00,71.90666453172763,86.16131589939197
2014-09-30 11:05:00,76.32000007500253,77.30640481223662
2014-09-30 11:10:00,72.55999761899312,78.42512870271999
2014-09-30 11:15:00,87.04333545883496,76.3007572137316
2014-09-30 11:20:00,66.53999944915373,83.94179507156213
2014-09-30 11:25:00,69.19666495909293,74.14616268118222
2014-09-30 11:30:00,65.2000010155638,73.1793129508694
2014-09-30 11:35:00,71.23333576132853,69.43295921643575
2014-09-30 11:40:00,64.8733314116796,70.99033343275389
2014-09-30 11:45:00,68.20333181252082,67.19156371106705
2014-09-30 11:50:00,67.24333092500765,67.88795453657707
2014-09-30 11:55:00,64.5400027005871,67.32304435541232
2014-09-30 12:00:00,63.209999048312504,66.25775857617458
2014-09-30 12:05:00,61.52333532770475,64.97324250181516
2014-09-30 12:10:00,64.19000173946222,63.845980509718274
2014-09-30 12:15:00,74.95999983777602,64.83730001082023
2014-09-30 12:20:00,56.786665854652725,71.25386392821868
2014-09-30 12:25:00,59.52000290503104,63.19649721880754
2014-09-30 12:30:00,68.59333638091881,63.24852761437496
2014-09-30 12:35:00,65.21000191738209,67.35200045486293
2014-09-30 12:40:00,66.58666828413804,66.6515700974067
2014-09-30 12:45:00,74.25666836192211,67.51861890663703
2014-09-30 12:50:00,64.18666606535514,72.15854771008092
2014-09-30 12:55:00,66.53666377504666,68.61387678881486
2014-09-30 13:00:00,70.57000177224477,69.65147953321537
2014-09-30 13:05:00,80.01999712010226,71.90534862359364
2014-09-30 13:10:00,76.59666516979536,77.42983699520428
2014-09-30 13:15:00,90.05000192989907,77.5984752129515
2014-09-30 13:20:00,64.51666522284349,86.03335454424223
2014-09-30 13:25:00,69.22666766454776,75.41253146429857
2014-09-30 13:30:00,81.30333193739257,76.33692326565584
2014-09-30 13:35:00,74.97666596730551,82.09995211919149
2014-09-30 13:40:00,77.9766672106584,79.38706978966792
2014-09-30 13:45:00,72.5766637485226,80.23843787034352
2014-09-30 13:50:00,74.95333461006483,77.41050844689211
2014-09-30 13:55:00,85.71333180656036,77.37007028390964
2014-09-30 14:00:00,77.01000109543403,82.41483975489935
2014-09-30 14:05:00,76.973333162268,79.29898963173231
2014-09-30 14:10:00,76.6299974288543,79.7962009297808
2014-09-30 14:15:00,72.62666825761399,79.99659843732913
2014-09-30 14:20:00,67.19000298281509,78.52133076806864
2014-09-30 14:25:00,86.07999889721474,74.21687285174926
2014-09-30 14:30:00,80.3433310498794,82.12442188998064
2014-09-30 14:35:00,79.3333317737778,80.58973025759062
2014-09-30 14:40:00,89.0833358146747,80.28007565190394
2014-09-30 14:45:00,92.09333183934292,85.80091620375711
2014-09-30 14:50:00,84.36999769886334,89.14709921439487
2014-09-30 14:55:00,80.00666666467986,87.501063392361
2014-09-30 15:00:00,83.34333229323228,86.76869013001522
2014-09-30 15:05:00,99.8599991406997,88.5471613948544
2014-09-30 15:10:00,102.84666380812725,96.95955399831136
2014-09-30 15:15:00,104.82666487356028,99.95645214666924
2014-09-30 15:20:00,89.40999929805596,102.31465745081505
2014-09-30 15:25:00,92.45666937639317,96.20146238257487
2014-09-30 15:30:00,109.2199986131986,98.3352104820808
2014-09-30 15:35:00,93.09333633412918,107.09620857199033
2014-09-30 15:40:00,112.96000538607439,100.63836186220249
2014-09-30 15:45:00,106.8600000016888,110.16969257374605
2014-09-30 15:50:00,102.2066672967871,108.7018490745624
2014-09-30 15:55:00,115.9633361830314,106.63258659412463
2014-09-30 16:00:00,102.54000212838254,113.06129970987638
2014-09-30 16:05:00,105.8733320828279,107.77590878595909
2014-09-30 16:10:00,111.26667031725248,110.00525914152463
2014-09-30 16:15:00,105.5699999566873,113.3378362741073
2014-09-30 16:20:00,104.18666836222013,111.13482244273027
2014-09-30 16:25:00,121.32667171200116,109.29432600100836
2014-09-30 16:30:00,115.91333167394002,116.63156045397123
2014-09-30 16:35:00,106.9199992920955,115.32468618234002
2014-09-30 16:40:00,126.76000131269296,111.10052314420541
2014-09-30 16:45:00,122.06333544691404,121.47838673909507
2014-09-30 16:50:00,124.03332949002584,121.2997659810384
2014-09-30 16:55:00,113.60666100462278,123.53520623703798
2014-09-30 17:00:00,111.93332773943742,120.62449089070161
2014-09-30 17:05:00,125.07999669929347,120.02217219551405
2014-09-30 17:10:00,134.78333190520604,126.05629036565624
2014-09-30 17:15:00,144.87333600540956,130.89564963718254
2014-09-30 17:20:00,129.78333391328653,135.8678605457147
2014-09-30 17:25:00,123.73333915849527,130.12121015806994
2014-09-30 17:30:00,136.82000270744166,129.24885487278303
2014-09-30 17:35:00,127.37666646679243,136.9219825275739
2014-09-30 17:40:00,141.52332768042882,133.85004089256128
2014-09-30 17:45:00,149.27332885225613,141.33987172504266
2014-09-30 17:50:00,135.86666092713673,145.33487089176973
2014-09-30 17:55:00,133.10666908641656,139.6339284201463
2014-09-30 18:00:00,134.82000595887502,138.10273771544297
2014-09-30 18:05:00,128.7199944539865,138.82416139801344
2014-09-30 18:10:00,150.59999683042366,136.4709871472915
2014-09-30 18:15:00,141.50999722500643,146.60439785440764
2014-09-30 18:20:00,143.8866619660457,142.92524112184842
2014-09-30 18:25:00,136.80333045740923,143.2637661399444
2014-09-30 18:30:00,140.12666563053926,139.7876264901956
2014-09-30 18:35:00,128.0866692908605,142.03112132807573
2014-09-30 18:40:00,160.68667137702306,136.9244062467416
2014-09-30 18:45:00,140.52000587304434,152.2392756172021
2014-09-30 18:50:00,139.50667092283567,144.1093625863393
2014-09-30 18:55:00,136.44666426857313,143.18240017374356
2014-09-30 19:00:00,132.11333593984446,141.66356064399085
2014-09-30 19:05:00,142.20999914725624,139.6058475526174
2014-09-30 19:10:00,134.76000054796538,143.4406241931518
2014-09-30 19:15:00,159.9933285619815,140.09248874207339
2014-09-30 19:20:00,143.55999848266444,150.63777257462343
2014-09-30 19:25:00,132.80333696027597,143.31637798329194
2014-09-30 19:30:00,146.9399972720941,138.5274516560634
2014-09-30 19:35:00,147.25333030005297,145.82693484683833
2014-09-30 19:40:00,142.18666779001555,146.78229639311633
2014-09-30 19:45:00,143.21666274925073,146.40123387952644
2014-09-30 19:50:00,150.29666470428307,146.98040483256182
2014-09-30 19:55:00,129.3966650189956,149.99602559943995
2014-09-30 20:00:00,137.20000025351843,140.1946276952823
2014-09-30 20:05:00,129.41666682263215,142.60365765591462
2014-09-30 20:10:00,145.24333264966805,138.3910501273473
2014-09-30 20:15:00,138.8366717060407,143.89381071348987
2014-09-30 20:20:00,149.28667154868444,140.58893497725327
2014-09-30 20:25:00,131.39666176756222,144.11766198833783
2014-09-30 20:30:00,131.3933322139581,135.43930292924244
2014-09-30 20:35:00,128.05333703180153,135.93497798105082
2014-09-30 20:40:00,155.94667235036692,135.2305325736602
2014-09-30 20:45:00,145.22667264064154,148.16131915350755
2014-09-30 20:50:00,128.74999715944134,143.6846119227012
2014-09-30 20:55:00,126.05666983683903,136.4680370648702
2014-09-30 21:00:00,127.73666220923265,134.49531327744324
2014-09-30 21:05:00,130.75999480982622,135.05123856027922
2014-09-30 21:10:00,124.35666341980298,135.30041647632916
2014-09-30 21:15:00,131.03999557872612,131.24355126579601
2014-09-30 21:20:00,131.43666537483534,132.1693385418256
2014-09-30 21:25:00,114.64666910668214,131.17328789194428
2014-09-30 21:30:00,138.19666295369467,121.67221082647642
2014-09-30 21:35:00,124.37000611623128,131.4660560299953
2014-09-30 21:40:00,119.34999407966932,125.55565770645936
2014-09-30 21:45:00,108.53666894098123,124.57782167335348
2014-09-30 21:50:00,121.32000036378702,119.66927623649438
2014-09-30 21:55:00,108.91666648705801,124.10088760157426
2014-09-30 22:00:00,114.30000381966433,116.62613768835863
2014-09-30 22:05:00,107.90333153684932,116.67212714751561
2014-09-30 22:10:00,116.65333720346294,111.75489059646924
2014-09-30 22:15:00,98.17666497369609,113.93276140173276
2014-09-30 22:20:00,107.90666721095641,104.54357325067123
2014-09-30 22:25:00,104.17999701400599,107.96344099630912
2014-09-30 22:30:00,101.81999840249618,105.34117271294197
2014-09-30 22:35:00,96.09666713108619,104.50431634475787
2014-09-30 22:40:00,102.16999936362107,100.9115076677998
2014-09-30 22:45:00,107.93999947001537,102.5445557825764
2014-09-30 22:50:00,96.10333235879739,104.51459878971178
2014-09-30 22:55:00,85.3933335508903,99.32794381936391
2014-09-30 23:00:00,83.35999842276176,93.03942082365354
2014-09-30 23:05:00,59.83000025888284,90.49389752676089
2014-09-30 23:10:00,63.87333303739627,76.04276577343543
2014-09-30 23:15:00,56.4466657953461,72.54698542972406
2014-09-30 23:20:00,60.83999953498443,62.44487497468789
2014-09-30 23:25:00,49.42666619097193,58.716227855285005
2014-09-30 23:30:00,67.9100005881985,48.522768893738586
2014-09-30 23:35:00,53.09666665111979,54.838059909095364
2014-09-30 23:40:00,52.78666623701652,48.53191598539551
2014-09-30 23:45:00,45.70666734223564,49.00746988375981
2014-09-30 23:50:00,49.38333303009471,46.962178353120876
2014-09-30 23:55:00,49.760001022567344,49.080891437133154
2014-10-01 00:00:00,50.07999927823743,49.81503964533408
