,y_true,y_pred
0,17937.000831633806,19101.49139496684
1,19263.999929010868,18565.845786601305
2,16234.000264555216,19006.439372122288
3,14814.00012487173,17462.21260818839
4,13504.000112384558,16249.269695311785
5,12187.99955880642,15052.45828603208
6,17039.99981109798,13583.04824411869
7,16229.000425696373,15383.288607820868
8,13112.000260025263,15260.335354208946
9,10691.000431776047,13798.100071877241
10,12504.999992132187,12221.224709063768
11,11084.999852448702,12720.404360860586
12,11190.000140786171,11855.242196664214
13,10689.999729543924,11596.72041478753
14,10089.999786898494,11165.245154559612
15,9370.000039339066,10559.200603201985
16,9072.999879524112,9848.625818133354
17,7762.000082880259,9343.714162312448
18,7047.999958336353,8374.181968569756
19,6954.999834105372,7758.780392304063
20,7360.999877922237,7406.816891908646
21,7158.999869689345,7340.459317013621
22,5952.99990234524,7108.440996043384
23,6754.000069066882,6449.489593096077
24,5646.000064812601,6690.64643701911
25,6043.99999922514,6171.936107300222
26,5146.000112608075,6273.740115985274
27,5140.000030554831,5806.683464877307
28,4330.999983947724,5656.811780259013
29,4736.000014089048,5122.949303921312
30,4534.000005856156,5102.932734571397
31,5544.000047020614,4913.286119971424
32,4440.000097468495,5404.188174061477
33,2724.000041164458,5019.412657357752
34,4236.000061884522,4053.1928798109293
35,4234.000034533441,4487.695493809879
36,5752.99992146343,4543.23332009837
37,5243.000062022358,5410.617456384003
38,3531.9999593365937,5511.487323306501
39,4235.000048208982,4767.205857411027
40,4840.000059232116,4933.063989706337
41,4037.000094678253,5216.353381346911
42,4129.999989390373,4875.8545775562525
43,3527.0000057183206,4830.894357476383
44,3827.9999907165766,4466.994728736579
45,4331.999997623265,4444.082778960466
46,4636.000023648143,4607.229375436902
47,4537.000046882778,4842.894292064011
48,4840.000059232116,4931.4334877207875
49,4532.999992180616,5228.452238563448
50,4234.000034533441,5210.385890971869
51,4441.000111144036,5055.833628229797
52,5448.000111281872,5119.1190931759775
53,5442.000029228628,5669.881043218076
54,6348.999809406698,5848.192868888378
55,5545.000060696155,6470.295018769801
56,4035.0000673271716,6295.815239995718
57,5043.000081140548,5505.102108605206
58,6248.999818965793,5749.838528677821
59,6048.9998380839825,6362.966950148344
60,7358.000066414475,6451.743468306959
61,8460.999772772193,7276.287220709026
62,6043.99999922514,8219.12040347606
63,8874.999925993383,7373.710632421076
64,8264.000062435865,8773.660922519863
65,9176.99992466718,8895.266900420189
66,9174.999897316098,9585.465001046658
67,10182.000126972795,9890.111811220646
68,9881.999696612358,10601.061171069741
69,11187.999654397368,10672.579248026013
70,10684.999890685081,11486.757928684354
71,11594.000157251954,11529.904720246792
72,14322.99960719049,12125.978972300887
73,14419.999786123633,13857.399482771754
74,14315.000415861607,14594.669147476554
75,14219.999805241823,14993.351670980453
76,17039.99981109798,15318.388018652797
77,18349.000039428473,17029.928523495793
78,20570.00080487132,18326.07569563389
79,24108.999856054783,20125.32912823558
80,19869.000628590584,22807.971276789904
81,21780.000367879868,21776.695296287537
82,18953.000036776066,23056.554892003536
83,21189.99918487668,21987.02270781994
84,27021.99998614192,22887.812625706196
85,28124.0008264184,25918.438417613506
86,27619.999442398548,27120.97769957781
87,27839.999696791172,27494.180875331163
88,27839.999696791172,28120.407479137182
89,29643.999579429626,28721.926836639643
90,25817.999128073454,30140.803251981735
91,29551.000373274088,28866.8964574337
92,29347.999203771353,30778.226703882217
93,29748.999867767096,30697.557250916958
94,26822.99978941679,30749.79390743375
95,30556.99990069866,28977.889942258596
96,31782.00081643462,30348.240562021732
97,30450.000044047832,31213.879207372665
98,33077.99834227562,30930.641916513443
99,32279.999823212624,32433.452461093664
100,29344.000067144632,32536.69738918543
101,33481.999276816845,31460.264949977398
102,36215.99856561422,33579.28222298622
103,37630.998866438866,35109.53404253721
104,35107.000154316425,36300.362354159355
105,35602.00072669983,35668.54650706053
106,34796.99912816286,36318.37132203579
107,37420.99828976393,36236.47164797783
108,41137.99931615591,37793.329293847084
109,43573.998660981655,39897.44803857803
110,42458.99970859289,41375.00967234373
111,39637.00105249882,41450.73620712757
112,40058.00107192993,40769.0431573987
113,40136.00076150894,41377.8924292326
114,35090.00106942654,41947.37829840183
115,37927.001078248024,39922.80895459652
116,39029.00008237362,40897.52965170145
117,39233.99898403883,40611.33248561621
118,36100.001569628716,39735.510547459126
119,37416.99915313721,37362.23778915405
120,34902.001252651215,37400.51786279678
121,31463.000814795494,36185.705748319626
122,36512.00077742338,34522.2595435977
123,36822.001803576946,36594.9323682785
124,32768.99985450506,36471.16478174925
125,34397.99986863136,34225.3062056303
126,36419.9986011982,34595.922244787216
127,35006.00083875656,35298.40786713362
128,31975.000472068787,34856.604258179665
129,30770.99961400032,33665.73555123806
130,32677.001350581646,33111.511768221855
131,33781.001759171486,33724.73107916117
132,32260.99933385849,34053.85745292902
133,35310.00132381916,32965.688337266445
134,33998.00174301863,33960.94821816683
135,35890.00099295378,33596.74034559727
136,33795.99943959713,34844.456283926964
137,33384.9990978837,34252.05892401934
138,27520.999695152044,34440.40393716097
139,30459.99972176552,31942.719103366137
140,31570.99953752756,32874.52344584465
141,30769.00004568696,32755.988889336586
142,29144.999870419502,31543.45911040902
143,28236.000521928072,30012.180882513523
144,26628.000565469265,28956.351892381907
145,26325.00078263879,27633.438230723143
146,30059.999760001898,27159.173310279846
147,29248.00059044361,28767.467050880194
148,30134.999179035425,28661.50461947918
149,29663.00006878376,29248.70200008154
150,26526.999413758516,29376.4228194654
151,31055.00074362755,27958.497530281544
152,26824.99935773015,30294.211822241545
153,23801.9991004467,28779.056835263968
154,27420.999245673418,27127.33445394039
155,27629.000254034996,28282.79299107194
156,24808.999330103397,28016.435435295105
157,26923.000238895416,26121.191706746817
158,31559.999157577753,26552.543944865465
159,33266.00183135271,28983.38554185629
160,28236.99938800931,30560.058928072453
161,29951.999201118946,29088.411536306143
162,23896.000844985247,30422.837864011526
163,28043.000866293907,27928.43974030018
164,26424.000529885292,29816.987026572227
165,27331.000310063362,28759.80846554041
166,26317.000673234463,28393.700176805258
167,26918.000400036573,27311.696855813265
168,30061.00046223402,27029.842186570168
169,30053.999218910933,28236.652355492115
170,30249.99914509058,28614.519354492426
171,27332.999878376722,29469.429370224476
172,27617.999874085188,28876.148821741343
173,27130.99941110611,29210.210769087076
174,24913.999618440866,29138.106959998608
175,26814.999680012465,27622.838131666183
176,27734.000542372465,27993.231996566057
177,26916.000831723213,27948.846721231937
178,29849.00031724572,27203.296016037464
179,30247.99957677722,28391.94298040867
180,27135.000383883715,28921.213472902775
181,28926.000318259,28019.64319089055
182,34679.00072771311,29244.84608322382
183,32263.999604403973,32630.770743608475
184,31462.00011256337,32281.903911679983
185,32262.000036090612,32384.941354721785
186,29640.999308884144,33130.30660867691
187,29148.000140964985,32073.304318130016
188,30346.000457942486,31721.152612268925
189,32158.000449985266,31999.621419280767
190,31751.99994713068,32477.38787946105
191,33779.00035470724,32087.227850288153
192,36101.00043570995,32918.20914769173
193,37513.99933207035,34115.82020068169
194,32973.99875617027,35377.0795879364
195,31763.999193161726,34296.75818115473
196,33678.999905228615,34267.879200041294
197,33579.998321831226,35453.379001796246
198,36499.00082916021,35518.195128023624
199,32472.99947884679,36575.44713509083
200,35796.999950647354,34342.805173039436
201,35993.001712977886,35458.64508253336
202,36515.001047968864,35577.88104867935
203,40437.999842107296,35960.498170018196
204,39738.99923413992,38240.65237236023
205,40924.99846893549,38750.37887483835
206,38313.99925559759,40127.84825158119
207,38919.998821258545,39581.22980552912
208,40040.99831473827,40267.26351594925
209,42144.00067973137,41157.66081982851
210,37209.99884700775,42277.852406919
211,32979.00043118,40132.12281084061
212,39524.00065475702,37681.94470888376
213,39727.00182425976,40139.87136757374
214,41131.998775064945,39773.81999951601
215,38329.99947440624,39950.26308262348
216,37409.000879883766,38615.54664307833
217,44181.000765025616,38225.015711426735
218,37922.998269319534,41687.44543457031
219,38220.99821329117,39326.50793790817
220,41656.998380601406,39696.187540113926
221,42559.999024152756,41561.34960871935
222,46189.00068324804,42303.25739055872
223,42048.9982329607,43970.08211290836
224,41846.99960184097,42172.08644366264
225,41555.000198960304,42546.75670397282
226,40943.99895828962,42961.8957297802
227,43662.00170058012,43116.220539331436
228,41448.99920839071,44321.738058030605
229,46177.99846714735,43051.466842234135
230,40943.000092208385,45073.80709886551
231,42552.000750899315,42436.657424628735
232,38529.00150728226,42948.44041609764
233,42053.99990797043,41262.505035340786
234,36905.99836194515,42870.517844855785
235,35401.99982774258,40537.37967258692
236,41957.99859511852,39131.7767919898
237,40638.999607145786,41344.54425686598
238,40334.00025600195,40094.12550443411
239,37322.00037866831,39444.308034062386
240,38725.99846339226,38067.34910726547
241,39647.99959629774,38816.10205960274
242,36399.999245762825,39808.7839846611
243,38530.000373363495,38470.61190915108
244,37516.000736534595,39436.555805027485
245,37512.001599907875,38711.27253329754
246,42261.99908018112,38516.717657864094
247,40134.998223125935,40372.4455832243
248,35897.99926620722,39356.73832607269
249,39949.998676896095,37771.75084865093
250,36194.00147801638,39892.552860319614
251,37403.0003387928,38511.132086873055
252,34592.99909257889,38902.69860762358
253,39032.99921900034,37362.16434311867
254,36911.99890303612,38988.33668488264
255,36198.0006146431,37536.06619340181
256,33979.00125366449,36827.61308068037
257,34284.99947088957,35492.852573513985
258,36995.99913370609,35366.70900774002
259,37814.99954658747,36735.32446491718
260,38628.998284459114,37181.53850829601
261,33979.00125366449,37496.67708462477
262,38018.0007160902,35627.115598499775
263,36007.99939340353,37532.13315820694
264,38220.99821329117,36983.12771600485
265,31559.999157577753,38091.637711167336
266,31551.00018209219,35259.242768764496
267,33373.00168800354,34810.017437934875
268,31939.000897824764,35051.669583559036
269,31852.999262690544,33526.58469259739
270,31251.000669807196,32547.791412830353
271,29245.999185979366,31626.17587161064
272,27425.99908453226,30200.294540643692
273,33088.001692295074,28898.940962672234
274,30331.999807447195,31146.435549229383
275,30534.000274717808,30154.93610534072
276,28035.99962297082,30289.69489106536
277,28740.00006979704,29333.9820279181
278,26421.999125421047,29432.414404541254
279,27023.000688374043,28168.193305909634
280,25611.99952417612,28173.42082747817
281,26309.000563830137,27095.598422050476
282,27415.999406814575,26892.38242289424
283,27930.99933463335,27042.214171230793
284,25004.000390201807,27096.775394767523
285,23695.999946027994,25602.058603286743
286,29643.00071334839,25013.691594570875
287,22991.000633120537,27932.4866168499
288,25313.00071412325,25174.325418561697
289,20465.99938261509,25927.103213638067
290,20664.00071325898,23381.858399629593
291,21872.00070795417,22586.09814849496
292,20753.999648869038,22441.886858016253
293,21263.99973782897,21265.121626019478
294,18146.000706076622,20981.528121888638
295,16536.000263229012,19134.531093984842
296,17442.99912533164,17775.66743415594
297,18460.000868856907,17583.41876423359
298,19043.000808537006,17805.280875623226
299,15312.999833881855,18360.7146820724
300,14117.999787449837,16481.062628760934
301,15423.999745234847,15486.728167906404
302,13210.000223115087,15590.87831838429
303,14624.999605864286,14214.238881841302
304,12308.00028179586,14542.718012422323
305,12595.999629974365,13207.506730213761
306,10778.999799072742,12948.915174603462
307,10386.999946713448,11641.087328612804
308,9274.000103600323,10871.072667106986
309,10285.999713078141,9884.836549729109
310,10281.999658375978,10062.66409060359
311,7860.999830126762,10059.115729019046
312,9180.000195212662,8695.20770367235
313,8372.000162281096,8986.981259994209
314,6962.000159353018,8605.001742050052
315,8368.999891735613,7731.207373507321
316,7264.0001580268145,8248.364778615534
317,7056.000067740679,7720.79318472743
318,6654.999862782657,7498.505545370281
319,6756.0000964179635,7149.85721539706
320,7566.999940857291,7059.921626992524
321,5548.999885879457,7438.69935683161
322,6956.000077299774,6521.554383978248
323,4539.00007423386,7052.180414862931
324,5948.000063486397,5806.829438872635
325,6456.999909251928,6193.656395152211
326,6550.999817639589,6468.970235906541
327,6760.000151120126,6625.792669698596
328,6252.999873667955,6907.442149080336
329,5944.999792940915,6801.771665669978
330,5542.000019669533,6669.4260412454605
331,5240.000020995736,6406.721048615873
332,6254.999901019037,6125.0825861394405
333,5344.000066138804,6534.5791202783585
334,4735.000000413507,6087.651273243129
335,4135.000057768077,5638.49387999624
336,5143.000071581453,5052.780797865242
337,4537.000046882778,5332.644850030541
338,4939.00003599748,5043.430658522993
339,4739.00005511567,5201.719947353005
340,6150.000071719289,5163.5020733214915
341,4742.000096142292,5956.206739865243
342,5744.999812059104,5511.563523568213
343,5545.000060696155,6013.938077904284
344,5746.000055253506,6078.387432992458
345,6150.999855875969,6294.6653505042195
346,5341.000025112182,6600.491887621582
347,6252.999873667955,6275.668533451855
348,5239.000007320195,6666.114084087312
349,7156.999842338264,6222.856702670455
350,8564.99981791526,7115.146619074047
351,8464.000043317676,8159.340380087495
352,9777.000326350331,8597.042027965188
353,9583.999752640724,9695.162163347006
354,7764.00011023134,10095.487123817205
355,7651.0001715272665,9441.289515510201
356,10076.999838635325,9205.54839862138
357,9380.999960251153,10301.461939677596
358,10178.999856427312,10158.464344933629
359,9380.999960251153,10575.649760901928
360,11589.000318393111,10273.211840242147
361,9074.999906875193,11385.984459683299
362,10986.999889358878,10411.249073371291
363,12696.999863609672,11291.709128662944
364,14321.00003887713,12454.184516400099
365,13917.000022411346,13857.257181078196
366,15929.999779492617,14316.529929548502
367,13916.000238254666,15787.427253678441
368,12496.000098571181,15345.988120675087
369,13108.99998947978,14734.690341636539
370,12504.999992132187,14799.799333930016
371,17646.000294834375,14259.463278129697
372,12492.999828025699,16637.11250206828
373,18146.99957215786,14449.876715242863
374,18342.00063225627,16966.524397298694
375,20465.00051653385,17739.083963930607
376,19659.000051915646,19512.86447530985
377,17754.999719798565,20043.137506186962
378,18951.000468462706,19680.442621946335
379,17934.000561088324,20517.650306999683
380,18337.999659478664,20121.18860799074
381,19161.99991121888,20050.840159147978
382,20162.999599784613,20184.427480608225
383,21281.000658869743,20485.027414232492
384,20465.99938261509,21181.65571525693
385,16640.99963349104,20855.362522304058
386,18046.999122679234,19068.607768774033
387,20972.0003349483,19389.34476915002
388,23299.999120891094,20840.592524588108
389,22897.999590814114,22326.560057103634
390,25012.99936568737,22599.28538414836
391,21079.00019159913,24140.258488714695
392,21380.999272197485,22823.99720171094
393,21278.9992544055,23042.073169976473
394,19265.00063124299,23062.232270538807
395,22089.00069180131,21942.369354456663
396,23090.99924644828,22911.291487067938
397,23192.000398159027,23224.805069863796
398,24095.999907791615,23053.953066200018
399,24605.999996751547,23508.11764290929
400,25007.999526828527,24151.985984414816
401,21788.000477284193,24950.349897503853
402,23380.00021493435,23875.595700204372
403,22371.000416964293,24768.27717578411
404,22177.000059098005,24229.432992577553
405,24102.999314963818,23819.23688495159
406,21370.9995944798,24403.178770035505
407,22787.9994636178,22768.85759064555
408,20875.000156015158,23082.345467329025
409,17746.000744313,22025.07693490386
410,20970.99963271618,20079.223379522562
411,22382.99966299534,21096.232467651367
412,21686.000459492207,21782.1706982255
413,20784.999384254217,21594.3232819736
414,23702.00048711896,21123.673742622137
415,23093.99951699376,22713.875888556242
416,21985.9999717772,22944.048418849707
417,23200.000507563353,22797.406064599752
418,20768.999165445566,23729.452778995037
419,17955.999484837055,22748.035639613867
420,24001.999999403954,21109.693289786577
421,20977.000173807144,23507.825694918633
422,21179.999507158995,21941.64591100812
423,21067.999811649323,21740.703066647053
424,22887.999913096428,21572.302324414253
425,18353.999878287315,22451.666197627783
426,20361.999796509743,20319.369881421328
427,18750.999569505453,21039.08594366908
428,19160.99920898676,20182.718024134636
429,20970.00076663494,20041.896268188953
430,18138.000596672297,20783.376226872206
431,20060.00071591139,19292.265635728836
432,20564.999129861593,19839.60568907857
433,17840.000652700663,20361.22494083643
434,20164.999168097973,19141.458891272545
435,19252.99954906106,20177.964229494333
436,17239.99979197979,19935.114913493395
437,20570.00080487132,18965.091090351343
438,22988.999228656292,20296.003025263548
439,26116.000908195972,21830.86174738407
440,20371.00060814619,24013.63017910719
441,21783.999504506588,22061.522693812847
442,21976.000294059515,22934.89704284072
443,18752.999137818813,23251.227281093597
444,22682.999175280333,21743.60969349742
445,22392.999340713024,23306.699235469103
446,20666.000281572342,23062.647240638733
447,25302.99920025468,22034.892997533083
448,22081.000582396984,24064.206955224276
449,19260.000792384148,22724.771607905626
450,23704.00005543232,21302.692945420742
451,19563.000575214624,23401.345468968153
452,21267.000008374453,21776.094874948263
453,22181.999897956848,22158.218071699142
454,21864.000598549843,22477.917646825314
455,22899.000293046236,22282.698084771633
456,24503.99997895956,22665.97438427806
457,25603.000548690557,23769.35233771801
458,25316.99985074997,24852.079102158546
459,22682.000309199095,25298.22704410553
460,22081.999448478222,24637.982072860003
461,25098.000298589468,24366.191346615553
462,25511.000208616257,25639.852096945047
463,27723.000162422657,26046.6329639256
464,23796.00039550662,27120.698604643345
465,27021.99998614192,25430.040643811226
466,28636.99934977293,26912.148587167263
467,24900.00080409646,28034.525193810463
468,27830.000019073486,26650.050901442766
469,25822.00010085106,28170.387506216764
470,26709.000525593758,27530.990192115307
471,31159.000329732895,27912.50378677249
472,25914.00044092536,30008.43513470888
473,29141.99959987402,27690.931787222624
474,29047.99969148636,29145.50664806366
475,30043.00067511201,29383.936348885298
476,29331.000118881464,30185.759570240974
477,31060.99944856763,30013.70305159688
478,31661.99917536974,31106.524973601103
479,29970.99969047308,31825.479033231735
480,32680.00162112713,31208.310161739588
481,34686.00013488531,32680.328455984592
482,34696.998678684235,33925.943837702274
483,33773.99867969751,34372.53245586157
484,31266.000186383724,34526.64794421196
485,35190.00151890516,33526.79401379824
486,30654.000079631805,35504.10083383322
487,33070.00006902218,33528.971688747406
488,32966.99934899807,34370.44291615486
489,34084.998571932316,34031.34624308348
490,38913.99828016758,34278.16164499521
491,35097.99934267998,36508.974800765514
492,37212.999117553234,35004.66779321432
493,35897.00040012598,36367.18722945452
494,39926.000184834,36489.24719566107
495,38523.00096619129,38983.525969564915
496,33582.99859237671,38987.30476808548
497,40237.99894315004,36958.045894920826
498,39330.000296890736,40136.235788822174
499,43152.99864155054,39727.119337916374
500,42341.00130814314,41475.14966928959
501,40635.000470519066,41322.481067836285
502,40244.99835032225,40926.77586299181
503,39223.999306321144,41399.87482762337
504,43760.99961167574,41305.529722869396
505,43167.999994277954,43613.464888095856
506,43763.001016139984,43391.93328386545
507,47297.99909454584,43720.87604254484
508,44988.00009572506,45359.255115389824
509,47393.00154131651,44408.532910346985
510,42355.99898856878,46027.709517240524
511,42067.998722314835,44458.16039645672
512,45173.99850803614,44957.77705216408
513,44470.99876344204,46600.51881951094
514,48796.99962604046,46043.98883098364
515,45087.00167912245,47451.47560238838
516,46286.00086218119,45356.73958867788
517,45379.00108200312,45876.109555602074
518,51730.00094771385,45729.56268119812
519,44077.00117892027,48899.1961119771
520,41149.0015322566,46114.65860623121
521,44269.99899840355,45124.10294389725
522,49224.00018656254,46729.0273476243
523,46695.99866551161,48561.634461045265
524,46655.00108855963,46804.16631412506
525,45988.99978429079,46380.4487913847
526,41253.99998444319,45986.502619087696
527,42633.999577105045,44233.87823820114
528,43754.999070584774,44971.4637208581
529,46692.998394966125,45449.057582855225
530,48912.0014282465,46354.70228368044
531,48314.000135838985,47099.82332956791
532,47903.998660206795,46463.57501423359
533,44068.00036728382,46299.492898881435
534,43870.00087279081,45256.04874646664
535,44084.99945217371,46124.423256635666
536,44764.000704705715,46750.70494496822
537,46286.999728262424,47026.25610822439
538,46785.00057119131,47171.58377844095
539,47093.00019288063,46533.939988434315
540,46082.99969267845,46129.57549601793
541,45684.00043314695,45605.07899582386
542,50211.00106078386,45810.67281037569
543,43472.00047934055,48395.514218211174
544,44874.00083190203,45944.722841858864
545,45875.00052046776,46850.75680667162
546,50128.99856227636,47259.296706199646
547,46095.99964094162,48883.74673843384
548,43336.000455617905,46810.960072398186
549,46892.99929392338,45432.42205584049
550,44583.000295102596,47067.642949163914
551,44159.99887120724,46134.51474189758
552,39622.99856585264,45885.06262731552
553,42746.0011087656,43577.28904336691
554,42759.99992311001,44473.31231355667
555,45390.99849188328,44066.07240885496
556,44667.00052577257,44442.80283045769
557,38935.00017398596,43649.12293827534
558,40042.00085312128,40947.96137189865
559,38727.9998678565,41694.742298185825
560,42856.001235961914,41181.97880214453
561,43565.00152164698,42804.14833498001
562,41544.00165516138,42972.20755314827
563,42053.99990797043,41745.95989096165
564,40551.99910593033,41853.45183604956
565,41749.99942290783,41150.220736444
566,42043.001364171505,41989.804400742054
567,40033.99890756607,42448.50059783459
568,44576.99975401163,41825.90957278013
569,43763.001016139984,43937.93845552206
570,41950.99918794632,43413.6439319253
571,43563.99898326397,42561.66257685423
572,40735.00091999769,43335.41288733482
573,42454.00170588493,42440.18283432722
574,44464.998222351074,43469.64653390646
575,42458.000842511654,44429.086783349514
576,36901.99922531843,43486.63460189104
577,34377.001647114754,40730.70065462589
578,33775.00121808052,39140.7959651351
579,37222.99879527092,38098.405763328075
580,40739.99892270565,38497.55191493034
581,36094.99989461899,39174.19187742472
582,33779.99922078848,36159.529581308365
583,31267.999754697084,34364.13757401705
584,37015.998489141464,32971.321648180485
585,38216.99907666445,35602.78292697668
586,35300.001646101475,36638.9265434742
587,32176.000237107277,35722.2906434536
588,32790.00174832344,34337.531747698784
589,30960.000133007765,34320.4959397912
590,32474.00018107891,33070.29018086195
591,32069.000380456448,33243.51632761955
592,31883.000131994486,32759.97333675623
593,30963.000403553247,32449.33883854747
594,25715.999110281467,31559.718226492405
595,31358.999392539263,28460.567283570766
596,27629.000254034996,30381.90088003874
597,28244.000631332397,28701.76773607731
598,28628.000374287367,28790.99181601405
599,29041.000284314156,28729.732314050198
600,25004.000390201807,28684.770487338305
601,21267.000008374453,26617.317839622498
602,21679.99991840124,24204.117980331182
603,18157.999952107668,23586.972978800535
604,23600.99933540821,20909.54366260767
605,21064.99954110384,22447.2924862206
606,19749.999689757824,20713.08653485775
607,18256.99969935417,19284.71354714036
608,20570.99967095256,18277.95752555132
609,20264.00075149536,19236.016989529133
610,18758.00081282854,19493.61610558629
611,17349.9999191761,19143.359307438135
612,19267.00019955635,18589.640465915203
613,16840.99961437285,19381.476862609386
614,17144.00031527877,18069.93631953001
615,17550.999684214592,17844.79667881131
616,15639.999944925308,17722.06651753187
617,16235.999832868576,16747.02449402213
618,11295.00042912364,16706.191252574325
619,15224.999548509717,13833.414761841297
620,11489.999653071165,14896.70862339437
621,11900.000210627913,12848.67418935895
622,11696.00017504394,12387.510205477476
623,13104.999934777617,11831.529226064682
624,10891.000412657857,12290.688133180141
625,11080.000013589859,11289.547979071736
626,9986.000200793147,11179.373417541385
627,9778.000110507011,10573.156268000603
628,9587.000023186207,10320.62951876223
629,8974.000132277608,10051.313005834818
630,9876.000073596835,9590.561237826943
631,7262.000130675733,9779.82432641089
632,9472.999841287732,8444.174663178623
633,8570.999899968505,9161.098858006299
634,9066.999797470868,8801.548841193318
635,7566.000156700611,9060.70455416292
636,8372.000162281096,8413.32044275105
637,9477.999680146575,8664.570608086884
638,7966.0001184642315,9319.404442675412
639,9070.99985217303,8741.374045364559
640,9873.999587208033,9252.639242284
641,8764.00001464039,9854.239849463105
642,7260.999887481332,9525.959941253066
643,8166.999883502722,8712.372042141855
644,5842.999775148928,8833.76319038868
645,5641.000225953758,7487.7562590539455
646,7656.9997945427895,6802.095287263393
647,7568.0001840516925,7433.800047233701
648,6552.000060833991,7426.3411433026195
649,8057.000215344131,6964.555622346699
650,7866.9999121800065,7740.450098022819
651,7760.000055529177,7924.786334745586
652,6452.999854549766,8118.844531364739
653,7564.00012934953,7608.758143313229
654,8761.00020313263,8066.433440513909
655,6146.999801173806,8777.895545497537
656,7351.999984361231,7628.629427224398
657,7356.999823220074,7899.277608580887
658,8664.000024199486,7839.870323821902
659,7251.000209763646,8560.06011299789
660,7156.999842338264,8053.803476653993
661,9770.999785259366,7908.183858446777
662,9372.999850846827,9292.885833524168
663,9672.999822169542,9557.198376253247
664,8863.000220924616,10004.459025636315
665,9676.999876871705,9804.404878303409
666,9577.000345468521,10284.898022547364
667,8974.000132277608,10402.345577731729
668,9472.999841287732,10071.057136297226
669,9270.00004889816,10214.588132873178
670,9876.000073596835,10068.667385920882
671,9285.99980866909,10334.267529457808
672,10073.999568089843,10023.046381041408
673,11487.000300601125,10349.59755319357
674,10585.000359281898,11276.47366669774
675,10484.000125646591,11172.683401793242
676,11997.000389561057,11249.35371813178
677,11190.999924942851,12128.007919028401
678,14503.000232636929,12022.387011691928
679,12794.999826699495,13902.56879453361
680,12092.999866262078,13621.35586002469
681,10880.999816864729,13415.84926263988
682,13104.999934777617,12712.574095413089
683,11989.000280156732,13601.131576105952
684,13403.999662905931,13070.97789503634
685,14719.00043232739,13675.231281206012
686,15517.999653622508,14548.237481981516
687,13308.00018620491,15320.767670199275
688,14019.000040203333,14556.547900885344
689,15936.000320583582,14924.196720212698
690,14217.000452771783,16035.442580193281
691,14919.0004132092,15570.457566320896
692,16429.000406578183,15889.616395011544
693,17743.00047376752,16703.03123690188
694,14427.000111371279,17597.40288937092
695,13823.000114023685,16253.75449384749
696,16532.00020852685,15639.136954009533
697,14519.00045144558,16766.877875462174
698,16937.999793305993,15879.693835631013
699,17030.999917536974,16954.762014731765
700,19563.000575214624,17163.446989297867
701,17641.000455975533,18706.889716804028
702,19756.999096930027,18360.760585844517
703,21263.000871747732,19673.76821348071
704,19459.999855190516,21010.948767513037
705,16833.000423043966,20779.55336073041
706,18046.000256597996,19681.546148627996
707,18852.0007212162,19890.031900823116
708,20658.000172168016,19980.877301990986
709,21979.000564604998,20752.273667037487
710,23082.000270962715,21463.34145861864
711,18146.99957215786,22383.199803441763
712,19960.999132514,20340.458074331284
713,21271.999847233295,21098.052093178034
714,20473.999492019415,21808.13754403591
715,24902.00037240982,21609.29158398509
716,24086.00023007393,23957.4035667181
717,22881.000505924225,24084.955460220575
718,19675.999136805534,23720.068211823702
719,17443.999827563763,22197.414384633303
720,21273.999415546656,20672.40293970704
721,21278.00038832426,21994.47748041153
722,23809.00034376979,21878.287688583136
723,22279.00007688999,23028.144129365683
724,24999.000551342964,22296.69322681427
725,21174.999668300152,23757.881903141737
726,23791.000556647778,22416.496563583612
727,23681.999295532703,23817.25200584531
728,23192.999264240265,24387.971768409014
729,22279.00007688999,24508.47835096717
730,22081.000582396984,24105.08334621787
731,25904.000763207674,23680.47896260023
732,27013.999876737595,25205.813570082188
733,27211.000505149364,26068.5878200531
734,27830.000019073486,26612.71644550562
735,23478.999962180853,27529.743445664644
736,21879.00011512637,25931.01972347498
737,24596.9991851151,25152.15389662981
738,26222.00006261468,26037.8653434515
739,30344.999755710363,26680.31066802144
740,31442.000757128,28659.297566115856
741,26299.99975219369,29586.324243992567
742,26315.99997100234,27578.056247740984
743,24497.999437868595,27652.255104988813
744,26212.99925097823,27045.324610829353
745,29245.999185979366,27863.629122525454
746,28445.999262452126,29320.12459719181
747,26322.999378174543,28977.97807750106
748,30140.99972012639,27610.881117105484
749,25514.00047916174,29075.09577009082
750,30336.999646306038,27046.688870936632
751,27115.99989452958,29377.761373460293
752,27927.00019800663,28464.204698473215
753,27520.000829070807,29055.12946537137
754,29041.000284314156,28777.084809213877
755,29727.9998100996,29357.96399462223
756,31454.000003159046,29610.824005246162
757,31335.00090047717,30600.033768981695
758,30255.999686181545,31047.136509388685
759,31646.99965879321,30965.468190342188
760,32067.999678224325,31892.059700459242
761,33154.99916577339,32611.054155409336
762,32375.999299913645,33342.67949229479
763,29235.99950826168,33389.36913698912
764,33970.99930810928,31915.80663985014
765,33669.99909359217,33962.251885294914
766,38005.99963390827,33879.73893684149
767,40226.00153326988,36045.467888355255
768,36302.99906682968,37620.56218481064
769,32668.999405026436,36610.03287315369
770,36609.000956356525,35526.399050176144
771,32674.9999461174,37678.1181704402
772,38922.00022572279,36159.65811187029
773,37309.00043040514,38854.888910889626
774,39828.00113981962,37974.28563582897
775,36907.9997664094,38823.53112608194
776,35901.99840283394,37304.19705969095
777,35184.999843895435,36975.20656108856
778,36600.00014472008,36820.422713816166
779,37397.99866378307,37768.181371331215
780,38102.00094676018,38331.718111634254
781,39313.00121200085,38440.2566627264
782,40330.99998545647,38655.79507046938
783,42143.00181365013,39223.68716067076
784,42345.00044476986,40243.085081100464
785,40814.99834173918,41127.92619240284
786,39333.00056743622,41203.79961925745
787,32260.99933385849,41308.4198243618
788,35686.99982345104,38373.12331408262
789,40126.001083791256,39497.64821726084
790,45671.000484883785,40758.452239096165
791,46985.00147014856,42486.692536234856
792,45589.001658678055,42675.5737054348
793,37105.00039482117,42320.83669912815
794,43465.00107216835,39450.59868699312
795,40336.001660466194,43343.78573536873
796,50013.001566290855,43105.22934013605
797,46179.00100553036,47921.915820539
798,45894.99987590313,46257.97752737999
799,44877.00110244751,45952.522810816765
800,40337.00052654743,45296.958188176155
801,44570.999212920666,43436.276327729225
802,43161.99945318699,45606.69480860233
803,45379.00108200312,45255.953266620636
804,45664.00107771158,46074.95000720024
805,50312.00037634373,45766.65660136938
806,49000.99966162443,47183.6546343565
807,45470.000719845295,46723.977932691574
808,41743.000015735626,45569.26670897007
809,41542.999116778374,45007.91131591797
810,45480.00039756298,45579.321471214294
811,39122.99999076128,47431.399128615856
812,42744.998570382595,43911.65946406126
813,44567.000076293945,44222.24071389437
814,41643.99843233824,44030.47678780556
815,41552.99879449606,41884.00538676977
816,45778.99920761585,41519.529436171055
817,40127.99881595373,43573.708549141884
818,42355.000122487545,41647.376949965954
819,41844.99819737673,43035.459278821945
820,45266.00068426132,43013.524620354176
821,43362.00035214424,44469.90074521303
822,44175.99909001589,43569.32014852762
823,43248.99995440245,44096.431327581406
824,39521.00038421154,43677.65305072069
825,47698.000892460346,42226.45854365826
826,44674.99879902601,46123.79529303312
827,41555.99906504154,44842.1583032608
828,46274.998646080494,43377.65537458658
829,48794.998221576214,45653.512983858585
830,47293.99995791912,46795.852222919464
831,44162.00027567148,46363.662699997425
832,44159.99887120724,45333.963973104954
833,46691.00066280365,45891.360624849796
834,51232.000104784966,47347.99748313427
835,43359.00008159876,49454.92186641693
836,47083.000515162945,45911.35998028517
837,47699.99862462282,47306.61064219475
838,44981.00068855286,47826.12382888794
839,47495.99858903885,46669.3744776845
840,45357.0003221035,47632.58618104458
841,47284.99914628267,46735.530994057655
842,43262.99876874685,47628.44015234709
843,45788.99888533354,45765.66140758991
844,40233.99980652332,46602.92050486803
845,47815.00042682886,43814.85391712189
846,46183.999008238316,46907.15601724386
847,44774.99924850464,46077.31129723787
848,40933.0004144907,44970.18208754063
849,44968.00074028969,43197.488577485085
850,44161.001409590244,45116.1413936615
851,41153.99953496456,44791.48421114683
852,48997.99939107895,43440.61331611872
853,46384.998773276806,46776.30088829994
854,45075.00059694052,45643.51697844267
855,43650.99948447943,45021.71917057037
856,45580.999713122845,44742.63892531395
857,48300.00132149458,45792.568362653255
858,51932.99844491482,47515.99794447422
859,47695.9994879961,49347.114103376865
860,50829.00170862675,47677.86933416128
861,43359.99894768,49233.3939344883
862,45482.001802027225,46615.85802400112
863,44668.99825793505,48041.31704026461
864,40123.00081324577,47723.9750828743
865,45267.9984164238,45499.02292072773
866,43355.00094497204,46930.00507885218
867,48816.00011539459,44860.79890704155
868,40949.00063329935,46179.22501593828
869,47507.99967122078,42126.15329313278
870,42449.998896956444,45099.17535948753
871,41458.00002002716,43541.05811411142
872,37707.99968993664,43484.780089497566
873,36591.99819916487,42151.98059147596
874,39624.00110423565,41108.70169264078
875,39938.001267015934,41647.90208911896
876,42746.99997484684,40646.04308193922
877,41133.00131344795,40707.97645127773
878,33681.00130969286,39599.08453673124
879,31044.999229758978,36113.28061282635
880,34795.001396000385,35099.152445435524
881,34379.99824535847,36519.488600730896
882,38821.99977624416,36181.016218960285
883,37111.99980199337,37468.481151640415
884,37821.00008767843,36073.384726405144
885,28942.00053706765,35994.11809271574
886,28542.99944138527,31867.3744879663
887,26421.999125421047,31575.722117602825
888,28239.000792473555,30358.124562233686
889,27724.00086465478,30573.27737829089
890,31554.99931871891,29167.7791582942
891,31159.000329732895,29520.329308897257
892,25621.00033581257,28567.59284633398
893,26720.000905543566,25839.700595378876
894,25004.999256283045,26343.64689487219
895,24296.999672830105,26113.02817991376
896,20475.000194251537,25936.456566244364
897,21977.999862372875,23801.967885881662
898,24094.999205559492,23259.708462029696
899,22586.000832498074,23364.85747858882
900,23197.00023701787,22021.606609731913
901,21974.999591827393,22030.899369359016
902,16538.999615699053,21529.143597871065
903,14922.99954983592,19012.595986038446
904,20162.000733703375,17603.495238006115
905,18044.000688284636,19402.13539621234
906,19563.999441295862,18273.040313482285
907,16533.99977684021,18693.551916778088
908,14013.00041718781,17118.870754271746
909,14217.000452771783,15333.808931857347
910,14924.000252068043,14883.790383845568
911,14522.9995880723,15030.26564836502
912,15630.000267207623,14726.080630138516
913,13406.999933451414,15243.732877910137
914,15422.000176921487,14170.995692357421
915,11390.000121667981,14874.089998722076
916,11604.99961912632,12823.939400792122
917,10986.999889358878,12569.692178174853
918,11296.00021328032,11938.074635371566
919,10480.000070944428,11798.575826138258
920,8778.99999025464,11064.642447590828
921,12202.99999345839,9714.632707327604
922,10386.999946713448,11049.184811368585
923,9372.000066690147,10425.886868223548
924,10893.999765127897,9897.77039656043
925,10488.000180348754,10675.124153152108
926,10383.999676167965,10706.203761100769
927,9378.000148743391,10848.402630209923
928,10885.999655723572,10330.227997511625
929,9074.000122718513,11002.045309707522
930,10283.0003606081,10171.526722326875
931,8457.000177107751,10608.152385786176
932,9473.999625444412,9643.47451594472
933,8864.000005081296,9835.781024619937
934,7960.9998205676675,9522.436367705464
935,8368.999891735613,8875.859244607389
936,7351.000200204551,8797.572656452656
937,7554.999776750803,8153.523913122714
938,8058.999783657491,8008.3169698268175
939,5236.999979969114,8157.599250011146
940,7462.999895714223,6628.890256240964
941,6144.999773822725,7363.051776535809
942,7462.000111557543,6715.06494859606
943,7354.000011712313,7295.9950871914625
944,7668.000174492598,7400.699296198785
945,8366.000080227852,7746.3211904764175
946,6860.999925717711,8341.402084901929
947,7256.000048622489,7821.007545784116
948,7660.999849244952,7972.429859824479
949,9272.999860405922,8186.696733079851
950,8364.99983703345,9135.821027815342
951,8970.000077575445,9004.88556727022
952,8468.999882176518,9361.097002737224
953,8870.99987129122,9269.134303756058
954,10888.000142112374,9477.068751648068
955,8761.99998728931,10664.832527443767
956,10986.999889358878,9944.424236312509
957,8661.999996848404,11070.343696087599
958,7358.000066414475,10151.87898978591
959,9172.999869965017,9165.638741068542
960,10982.000050500035,9650.285717651248
961,9669.99955162406,10596.213732734323
962,11797.000408679247,10233.610656037927
963,9374.000094041228,11408.575542092323
964,9476.000111833215,10543.178350582719
965,8564.00003375858,10465.415524467826
966,10488.999964505434,9877.542440339923
967,10986.000105202198,10703.339365720749
968,11296.999997437,11096.633704453707
969,11489.999653071165,11501.728066846728
970,10779.999583229423,11785.765001416206
971,10892.000196814537,11551.25181043148
972,12500.000153273344,11648.864345684648
973,12704.000188857317,12612.75542487204
974,10578.999818190932,13042.886622652411
975,14213.00039806962,12201.81751228869
976,13099.000311762094,13918.54881568253
977,14213.00039806962,13757.279683485627
978,15526.999547183514,14453.87860609591
979,13206.000168412924,15490.61897163093
980,12696.000079452991,14734.872120574117
981,12497.999666884542,14397.411457940936
982,13001.00034867227,14076.042821660638
983,14917.999710977077,14028.434183448553
984,17741.00090545416,14853.389233648777
985,15320.99994328618,16592.772212430835
986,17145.99988359213,15982.517367094755
987,16235.000048711896,17064.58954374492
988,16839.00004605949,17126.42651516199
989,15228.99960321188,17675.380545139313
990,15428.99958409369,17092.297060593963
991,16235.999832868576,17086.09454290569
992,18049.00052714348,17265.992343902588
993,17336.999970912933,18061.98578619957
994,18234.000073373318,17806.06858435273
995,19767.999476879835,18306.741026818752
996,21976.999160140753,19405.02733385563
997,18753.999840050936,21169.584859341383
998,18345.99976888299,20246.10011652112
999,19649.00037419796,20203.02034446597
1000,19145.000826328993,20859.77112057805
1001,23391.000594884157,20659.9850512743
1002,23493.000612676144,22687.0166734159
1003,19448.999475240707,23165.75445741415
1004,19748.000121444464,21471.41501405835
1005,19252.000682979822,21438.86373117566
1006,21780.000367879868,20994.225105255842
1007,25404.999218046665,22035.862485200167
1008,24886.00015360117,24067.95821148157
1009,23796.00039550662,24477.072826236486
1010,20172.9992775023,24326.61311429739
1011,20060.00071591139,22712.364736378193
1012,20969.00006440282,22382.8729685843
1013,23600.000469326973,22485.25123345852
1014,23389.999892652035,23697.08511120081
1015,24104.00001719594,23670.637193858624
1016,23487.00007158518,23897.71580991149
1017,20865.000478297472,23659.80941209197
1018,22376.999121904373,22378.923408031464
1019,24196.00035727024,23042.11172914505
1020,29643.999579429626,24253.383744716644
1021,27624.99928125739,27432.92137336731
1022,24810.00003233552,27329.790286630392
1023,21670.999106764793,26345.09929022193
1024,22679.000038653612,24831.29203799367
1025,26720.000905543566,24973.233845978975
1026,28634.99978145957,26803.58065766096
1027,25598.000709831715,27873.968488156796
1028,24899.000101864338,26578.933105379343
1029,24591.999346256256,26072.921136140823
1030,25206.00085747242,25666.61215993762
1031,30338.999214619398,25838.907378196716
1032,27910.99997919798,28530.47872850299
1033,31862.000074326992,28203.963361293077
1034,26918.99926611781,30547.75488099456
1035,25294.999090850353,28768.1115398407
1036,23678.000158905983,27873.95379894972
1037,27914.9991158247,26795.044392198324
1038,27208.99910068512,28536.325032919645
1039,26918.99926611781,28133.348670572042
1040,27922.000359147787,27549.217661947012
1041,28126.999260812998,27656.28912848234
1042,27018.0008495152,27669.07057479024
1043,25894.999951571226,27266.22274300456
1044,30053.000352829695,27070.957277178764
1045,29031.999472677708,29271.038775593042
1046,27611.999332994223,29435.9085996747
1047,25894.999951571226,28878.109830886126
1048,27502.999908030033,27899.878413289785
1049,29120.000676125288,28321.511904776096
1050,32263.999604403973,29139.081956118345
1051,27914.00024974346,30818.364962220192
1052,28615.999292105436,29085.521434813738
1053,27716.99962133169,29462.038862913847
1054,28220.00030311942,29171.82603484392
1055,32043.00048393011,29354.816832005978
1056,29125.99938106537,31152.858405023813
1057,31763.00032708049,30128.901321947575
1058,30838.999625861645,31430.29713138938
1059,31052.999339163303,31216.74543890357
1060,30743.000149160624,31414.576007515192
1061,31944.999602764845,31499.475952118635
1062,28417.99979761243,32342.08926537633
1063,27316.000793486834,30986.45906725526
1064,31450.999732613564,30060.431255459785
1065,35997.00084960461,31579.390747070312
1066,32160.000018298626,33638.90938681364
1067,31849.000126063824,32062.30026587844
1068,30853.000276356936,32176.25546208024
1069,27923.999927461147,31946.732929199934
1070,27805.000824779272,30800.57082399726
1071,31528.000556111336,30514.37182176113
1072,30937.00050702691,31926.87495738268
1073,33957.999359846115,31339.545373916626
1074,31954.000414401293,32521.148863494396
1075,29515.999665111303,31537.88455632329
1076,30620.000073701143,30364.30320996046
1077,30840.999194175005,31138.8008338511
1078,30537.00054526329,31814.739386707544
1079,30236.000330746174,31819.138804227114
1080,30430.00068861246,31587.453285604715
1081,32255.00062891841,31406.296803176403
1082,29941.99952340126,31924.14643716812
1083,29551.999239355326,30677.486285597086
1084,32069.999246537685,30448.80838212371
1085,32759.999042868614,31683.351774007082
1086,32865.00116735697,32415.913547843695
1087,28424.99920478463,32757.388036310673
1088,30848.000437498093,30759.18949151039
1089,33770.99840915203,31770.247614622116
1090,31753.000649362803,33267.48911356926
1091,32061.99913713336,32479.61329433322
1092,30435.99939355254,32590.415819466114
1093,28526.99922257662,31828.038627564907
1094,27410.999567955732,30827.665066450834
1095,30424.000147521496,29827.61283174157
1096,29028.999202132225,30708.056361675262
1097,30937.99937310815,29780.084066092968
1098,26602.999535024166,30390.984318464994
1099,27706.999943614006,28184.300021469593
1100,26805.00000229478,28159.59828361869
1101,29711.99959129095,27598.08130928874
1102,27396.000051379204,29067.99537461996
1103,25494.999989807606,28110.736472427845
1104,26801.00086566806,27072.8521848917
1105,30521.00032645464,27397.57363268733
1106,26403.999338299036,29106.899739563465
1107,26814.999680012465,27304.265953183174
1108,25809.00015258789,27498.593145906925
1109,26806.0007045269,27029.375804245472
1110,28824.000300467014,27515.263559788465
1111,23980.99994173646,28399.61625495553
1112,27114.99919229746,26094.956782907248
1113,26808.9991389215,27216.059100836515
1114,26098.9999871552,27196.786861151457
1115,28019.00053808093,26785.61208510399
1116,23668.000481188297,27601.27437567711
1117,23980.99994173646,25610.59854105115
1118,23571.000302255154,25581.025494903326
1119,26693.000306785107,25004.393326491117
1120,24170.999326825142,26206.653513520956
1121,24780.9998652637,24898.60349327326
1122,23670.000049501657,24974.019718557596
1123,23785.000015556812,24452.145241826773
1124,21469.000475645065,24259.88004654646
1125,22758.999296545982,23066.868551522493
1126,24264.999235212803,23405.669604301453
1127,21349.999536812305,24050.154892504215
1128,21156.99988117814,22676.636912465096
1129,23054.00080612302,22109.101035535336
1130,19939.00020876527,22774.02635538578
1131,23478.999962180853,21195.114701241255
1132,19738.000443726778,22822.175740033388
1133,19743.99914866686,21132.95364919305
1134,20654.999901622534,20848.021591067314
1135,18936.999817967415,21067.123967677355
1136,20042.999794870615,20081.964752793312
1137,18441.99924558401,20257.04541194439
1138,17320.999752104282,19346.73321557045
1139,21657.000292420387,18527.945796191692
1140,17519.999948829412,20401.895682930946
1141,18026.999767243862,18608.8961802423
1142,15707.999956786633,18674.615692704916
1143,19748.000121444464,17302.685983181
1144,16311.999954134226,19119.230448663235
1145,15210.000031933188,17532.421509563923
1146,15108.999798297882,16590.42193929851
1147,16023.999687880278,16121.251419484615
1148,13699.000254407525,16213.976121082902
1149,13602.000075474381,14855.354833170772
1150,14296.999710664153,14288.812313869596
1151,13478.000215858221,14284.566214948893
1152,13491.00016412139,13878.103920146823
1153,13687.000090301037,13684.905042141676
1154,11682.000442624092,13737.496993854642
1155,12493.999612182379,12653.013951092958
1156,11678.00038792193,12912.009459897876
1157,10275.000251203775,12386.656395316124
1158,11783.999542340636,11391.691216632724
1159,11285.999617487192,11804.493740439415
1160,10374.99978260696,11560.252622067928
1161,7955.999981708825,10961.763831600547
1162,8757.999932587147,9432.924930155277
1163,11284.000049173832,9299.844845376909
1164,9166.999787911773,10432.102238968015
1165,9667.9999833107,9623.298890024424
1166,7451.999974802136,9819.074805796146
1167,8464.000043317676,8646.990840479732
1168,6947.999967895448,8851.989742144942
1169,6448.999799847603,7947.687267616391
1170,5144.000085256994,7300.002945534885
1171,5442.000029228628,6262.641042925417
1172,5637.000171251595,5925.024766504765
1173,4733.9999867379665,5725.295158840716
1174,5034.9999717362225,5054.536846667528
1175,5829.00004272908,5022.603428557515
1176,5531.000098757446,5516.826850079
1177,5030.99991703406,5585.929929584265
1178,3924.9999401308596,5492.785208471119
1179,4023.999916896224,4913.699942477047
1180,4134.000044092536,4797.069474436343
1181,3831.0000317431986,4718.2846008352935
1182,3725.99997292459,4467.336941357702
1183,3830.000018067658,4274.522048406303
1184,3633.99997712858,4240.93816016987
1185,3126.0000302791595,4119.082006711513
1186,3422.9999605752528,3803.41255325824
1187,4036.0000810027122,3866.970686610788
1188,4939.00003599748,4229.055968757719
1189,4033.00003997609,4879.033872812986
1190,4336.0000523254275,4698.0247414931655
1191,4732.999973062426,4892.63493097201
1192,4843.000100258738,5191.450125936419
1193,4738.000041440129,5386.716739356518
1194,4435.000029090792,5433.187882095575
1195,5043.000081140548,5306.213687565178
1196,3930.000008508563,5582.214019231498
1197,4233.0000208579,5034.977478887886
1198,5952.00011818856,4984.627926442772
1199,5136.999989528209,5815.659488476813
1200,4435.000029090792,5664.277569755912
1201,5440.000001877546,5357.63394549489
1202,4938.0000223219395,5791.015589378774
1203,5842.999775148928,5639.5354365855455
1204,4535.000019531697,6121.302869543433
1205,6856.000086858869,5581.654452249408
1206,6352.00007995218,6693.928097687662
1207,6046.000026576221,6763.676584228873
1208,6348.000025250018,6757.070113345981
1209,7058.00009509176,6941.258998960257
1210,8260.999791890383,7398.506473004818
1211,7649.999928332865,8270.137855805457
1212,9463.000163570046,8300.524775832891
1213,8055.00018799305,9408.76164355129
1214,9157.000110194087,9089.471530072391
1215,10573.99997933209,9704.298850148916
1216,12305.000011250377,10682.09142768383
1217,10185.000397518277,11993.305135905743
1218,10681.999620139599,11480.581117108464
1219,13602.999859631062,11776.371253490448
1220,9975.999605000019,13412.843483641744
1221,12092.000082105398,11974.141229122877
1222,8874.999925993383,12802.764908790588
1223,13199.999627321959,11162.75257973373
1224,12093.999650418758,12908.88892146945
1225,16426.0001360327,12644.165539979935
1226,16925.999629199505,15008.062911868095
1227,15223.999764353037,16138.079742342234
1228,14213.00039806962,16063.894656226039
1229,17942.999536573887,15935.764375194907
1230,17043.000081643462,17960.117971271276
1231,17743.999339848757,18075.532907426357
1232,16226.99993930757,18753.952100127935
1233,17746.000744313,18106.852133065462
1234,19456.000718563795,18744.835610985756
1235,18938.000520199537,19572.052799075842
1236,19241.000303030014,19594.729262501
1237,19647.999671965837,19860.1595620811
1238,20447.99959549308,20351.304217606783
1239,24288.99956342578,21031.765210092068
1240,24703.00017568469,23265.870584398508
1241,22892.99975195527,24178.990255475044
1242,22277.99937465787,24022.348223507404
1243,25104.000839680433,24051.66420853138
1244,20154.00062429905,25652.613345593214
1245,21875.99984458089,23423.034083217382
1246,20868.999614924192,23782.24946153164
1247,25002.000821888447,22941.648569643497
1248,23995.00059223175,24502.580634325743
1249,26612.99921274185,24015.357997089624
1250,27723.000162422657,25339.25950792432
1251,25315.999148517847,26426.541762709618
1252,24806.0008957088,26076.04259264469
1253,30446.000907421112,26319.51069149375
1254,26217.999089837074,29431.459606081247
1255,25702.00029593706,28070.001465052366
1256,26019.999595344067,27941.946466207504
1257,24502.999276727438,27818.904159277678
1258,25307.000173032284,26747.196136295795
1259,25098.999164670706,26521.759039133787
1260,26217.999089837074,26065.71975237131
1261,27012.000308424234,26236.562575280666
1262,26520.000006586313,26606.01633092761
1263,29334.999255508184,26547.338457107544
1264,28838.999817043543,28092.371291279793
1265,25511.000208616257,28396.89140704274
1266,26921.000670582056,27460.371829092503
1267,25820.0005325377,28201.13201662898
1268,22476.00070530176,27719.729977697134
1269,24196.99922335148,25769.469660192728
1270,28631.999510914087,25757.472250312567
1271,27331.9991761446,27416.44559147954
1272,22792.000436395407,26742.70307508111
1273,25002.999687969685,24429.692788809538
1274,24505.000681191683,25206.661871790886
1275,25417.000300228596,25042.585264891386
1276,23692.99967548251,25663.99380877614
1277,28631.999510914087,24951.613169312477
1278,23794.00082719326,27249.01250076294
1279,21467.000907331705,25280.90663281083
1280,23702.00048711896,23851.290570944548
1281,20870.000317156315,24378.776324778795
1282,21676.99964785576,22741.76885664463
1283,21066.9991094172,22735.832580834627
1284,22688.999716371298,22017.969194829464
1285,23284.999604314566,22251.195244044065
1286,23190.999695926905,22491.479457259178
1287,21976.000294059515,22607.14410993457
1288,23595.999496549368,22310.65715429187
1289,18655.000092804432,23323.191542714834
1290,21279.99995663762,21379.635012090206
1291,20771.99943599105,22265.340950459242
1292,18149.999842703342,21807.753788501024
1293,22078.0003118515,20179.333998054266
1294,19952.000157028437,21497.13397949934
1295,20671.000120431185,20416.902544111013
1296,17233.000384807587,20564.25181645155
1297,20067.00012308359,18855.353532731533
1298,17338.999539226294,19993.79645961523
1299,19365.999946802855,18725.007017582655
1300,19453.000448018312,19454.42713725567
1301,19247.00084412098,19608.579348623753
1302,19466.99926236272,19442.31588602066
1303,18352.000309973955,19650.320566684008
1304,17944.00023880601,19206.871766537428
1305,17736.999932676554,18879.77801179886
1306,18349.000039428473,18777.752287894487
1307,18143.00043553114,18962.16242969036
1308,20460.00067767501,18827.838811725378
1309,19662.999188542366,19883.429102241993
1310,20154.999490380287,19834.79313760996
1311,19354.999566853046,20230.309218913317
1312,21477.99945113063,20140.161555081606
1313,20063.99985253811,21426.16858395934
1314,20274.000429213047,21133.5210198164
1315,18954.00073900819,21358.486226201057
1316,20773.00013822317,20692.7383107543
1317,22677.000470340252,21377.376546502113
1318,18638.99987399578,22367.97260415554
1319,22975.999280393124,20531.35533720255
1320,21765.999717384577,22429.358800530434
1321,22280.999645203352,22252.274900764227
1322,19361.00010794401,22679.80794504285
1323,20873.000587701797,21393.578741908073
1324,23087.000109821558,21884.310263484716
1325,20659.999740481377,23048.545601844788
1326,21284.999795496464,21979.60465824604
1327,21877.00054681301,22090.502663224936
1328,21161.000853955746,22274.462948054075
1329,22167.999247461557,21965.78211438656
1330,23383.99935156107,22512.174713879824
1331,20659.999740481377,23168.148798167706
1332,24593.00004848838,22143.80428725481
1333,21576.999198377132,24072.1115847826
1334,24084.00066176057,22983.242895632982
1335,22776.999083667994,24113.278087615967
1336,25509.000640302896,23722.783878982067
1337,27321.000632345676,25252.4334410429
1338,25005.999958515167,26542.121952444315
1339,22876.99953314662,25934.337648123503
1340,26725.00074440241,25069.76580643654
1341,24696.000768512487,26888.969018399715
1342,25404.000351965427,26173.51649850607
1343,31243.00056040287,26473.569259166718
1344,28416.999095380306,29319.764711618423
1345,29732.999648958445,28634.683963507414
1346,28343.0003785789,29515.158708006144
1347,27930.99933463335,29363.353097468615
1348,26707.999823361635,29420.152588933706
1349,25001.000119656324,29034.898754924536
1350,27417.000109046698,28100.564196527004
1351,28126.00039473176,28690.190804749727
1352,28327.00015977025,28487.54952082038
1353,28322.000320911407,28295.19068184495
1354,32355.999944478273,28061.37890049815
1355,27217.999912321568,30134.77149632573
1356,31970.99949929118,28501.3077993989
1357,29238.999778807163,31064.060312092304
1358,32258.000899463892,30492.22600594163
1359,28328.99972808361,32236.786012142897
1360,32457.99996227026,30711.35225251317
1361,32464.999369442463,32554.07104885578
1362,28024.000376939774,32637.399248301983
1363,29535.000154465437,30565.558199971914
1364,30864.99952238798,30974.91885894537
1365,26724.000042170286,31442.285360515118
1366,31256.999374747276,29220.164543032646
1367,35090.00106942654,31041.920004725456
1368,34170.0013409853,32790.58564430475
1369,37714.0002310276,32871.629672050476
1370,33180.00019621849,35047.718186855316
1371,31667.999716460705,33959.41686832905
1372,29428.999163895845,33766.51452869177
1373,32258.000899463892,33199.61763226986
1374,33258.99875187874,34516.92368912697
1375,32665.999134480953,34526.0934266448
1376,31157.000761419535,33643.27575361729
1377,32667.00167286396,32304.510601371527
1378,35791.99827563763,32322.4791739285
1379,32875.00084507465,33834.44109451771
1380,33384.00023180246,33043.688026845455
1381,33785.999761879444,33661.69969159365
1382,34272.99838870764,34446.6835731864
1383,29948.000064492226,34933.48022341728
1384,34079.00170314312,32915.03995126486
1385,31353.99955368042,34444.28556013107
1386,29237.000210493803,33064.682576060295
1387,31050.999770849943,31644.842181503773
1388,28641.000322550535,31916.456637263298
1389,27031.000797778368,30202.303289711475
1390,30953.00072583556,28754.90594267845
1391,34097.998520195484,30207.806233912706
1392,34077.000298678875,31674.323420107365
1393,36801.998775839806,32074.631855219603
1394,33167.00024795532,34057.06337237358
1395,28229.999980837107,33413.65406858921
1396,30441.999934643507,31653.38579156995
1397,35090.00106942654,33023.49403941631
1398,32156.000881671906,35323.80183386803
1399,29446.00008493662,33795.19520550966
1400,28741.00077202916,31984.192243397236
1401,30048.99938005209,30793.72014504671
1402,31447.000595986843,30577.10575288534
1403,31457.999139785767,30917.597900629044
1404,28636.000483691692,30986.00370183587
1405,29345.000769376755,29709.296777188778
1406,29020.9990927279,30090.478028535843
1407,27726.00043296814,29877.859100699425
1408,29442.999814391136,28908.380614370108
1409,26105.999394327402,29505.443633675575
1410,30045.999109506607,27973.375860899687
1411,29841.000207841396,29533.650583565235
1412,23982.99951004982,29404.839090555906
1413,27230.999860584736,26444.14126893878
1414,24996.99914687872,27577.222635239363
1415,26421.999125421047,26482.560890048742
1416,28531.000195354223,26898.048784524202
1417,26102.99912378192,27730.49165803194
1418,27115.99989452958,26610.358827769756
1419,21270.000278919935,27021.792501091957
1420,23893.000574439764,24126.97760936618
1421,25213.99913072586,24907.762213885784
1422,23388.999190419912,25275.416541665792
1423,22282.999213516712,24344.994820803404
1424,21780.000367879868,23466.547186881304
1425,21872.999574035406,22575.483360230923
1426,22570.99947977066,22254.773902118206
1427,21265.000440061092,22319.244831979275
1428,22079.99988016486,21662.426118284464
1429,19550.000626951456,22094.72581025958
1430,19445.999204695225,20842.852826327085
1431,18538.999424517155,20529.511841714382
1432,16724.999864161015,19592.746219545603
1433,14814.00012487173,18240.65795648098
1434,19958.99956420064,16635.932775124907
1435,18951.999334543943,18543.71833229065
1436,16626.00011691451,18189.335703104734
1437,17639.000887662172,17050.17208699882
1438,15716.000066190958,17472.34816107154
1439,13398.999824047089,16683.53682295978
1440,15930.999563649297,15305.336658164859
1441,13403.999662905931,16179.942146360874
1442,13508.9999512434,14737.114060804248
1443,10987.999673515558,14258.767376944423
1444,12607.999794080853,12455.378014475107
1445,11998.999957874417,12518.788567200303
1446,10488.000180348754,11897.239557772875
1447,11995.999687328935,11023.687102109194
1448,9774.999839961529,11591.147696852684
1449,10985.000321045518,10485.286349341273
1450,10681.999620139599,10915.26514659822
1451,8060.999811008573,10810.769799754024
1452,10887.000357955694,9360.502089850605
1453,8764.00001464039,10512.708344727755
1454,8668.999863058329,9556.50155699253
1455,6137.999907612801,9278.329747386277
1456,4632.999982621521,7660.363163925707
1457,4633.999996297061,6214.064294159412
1458,6448.999799847603,5431.704272180796
1459,5541.000005993992,5851.252814337611
1460,6454.000097744167,5412.882807537913
1461,5136.999989528209,5835.9342665448785
1462,6241.999952755868,5390.816405244172
1463,4426.9999196864665,6009.053457513452
1464,4839.000045556575,5269.960724499077
1465,4433.000001739711,5419.09404694289
1466,4235.000048208982,5189.163200009614
1467,2621.0000096969306,4985.673384852707
1468,3833.00005909428,3937.441009968519
1469,3933.000049535185,4113.345412310213
1470,3326.0000111609697,4092.5870380029082
1471,3229.999960662797,3814.200169224292
1472,2824.000031605363,3702.889718852937
1473,2823.000017929822,3476.8371668662876
1474,3423.9999742507935,3393.409700512886
1475,2721.0000001378357,3699.4237545393407
1476,3530.999945661053,3416.6296645998955
1477,2622.0000233724713,3809.8062601573765
1478,3327.0000248365104,3459.7882763836533
1479,2321.999994670041,3758.266652420163
1480,2319.000011023134,3278.392520543188
1481,3728.0000002756715,3149.7295262366533
1482,3228.000048071146,3815.704894874245
1483,2621.0000096969306,3760.043587438762
1484,4633.999996297061,3496.6109052617103
1485,3930.000008508563,4497.494113005698
1486,4333.0000112988055,4469.93463582173
1487,3729.000013951212,4816.4810320697725
1488,4031.000012625009,4645.561549860984
1489,3731.0000413022935,4797.0761304832995
1490,4337.000066000968,4643.783467248082
1491,4031.000012625009,4902.041531953961
1492,3329.000052187592,4766.696555059403
1493,4638.000050999224,4339.479099214077
1494,4436.000042766333,4884.72433392331
1495,3122.9999892525375,4902.701398678124
1496,4740.000068791211,4242.492232374847
1497,7460.000084206462,4926.3923354670405
1498,4535.000019531697,6575.738278508186
1499,6450.999827198684,5685.254216499627
1500,4837.000018205494,6636.042522974312
1501,5147.999910440296,6069.472002372146
1502,6852.000032156706,6104.889516785741
1503,7864.999884828925,6965.889585964382
1504,8160.999801449478,7775.428313337266
1505,11084.000068292022,8308.320613451302
1506,9475.000327676535,10260.842609807849
1507,8368.000107578933,10208.783141851425
1508,11586.999832004309,9858.578674003482
1509,12401.00040602684,11575.731374025345
1510,11394.000176370144,12608.538704365492
1511,13912.000183552504,12527.67370133102
1512,10883.000303253531,14041.715980872512
1513,12404.99954265356,12873.760600820184
1514,15835.000086948276,13422.32353065908
1515,17843.999789327383,15318.906731277704
1516,18248.999589949846,17019.60384707153
1517,17643.000024288893,18055.632704138756
1518,16133.00003091991,18519.3324123919
1519,16231.999778166413,18155.682729691267
1520,17544.00027704239,18173.97262865305
1521,20070.000393629074,18822.234879225492
1522,18051.00009545684,20211.86324712634
1523,20478.00046479702,19447.879423201084
1524,21173.00009998679,20658.154408842325
1525,20071.999961942434,21215.022249132395
1526,22591.000671356916,20948.802404671907
1527,23998.000862777233,22480.317496031523
1528,24900.00080409646,23821.43842986226
1529,27425.000218451023,24951.93633186817
1530,26414.999718248844,26844.187134474516
1531,24706.99931231141,27072.584106862545
1532,25810.99972090125,26672.003921419382
1533,25213.99913072586,27379.32780134678
1534,23595.999496549368,27278.83893573284
1535,26220.999360382557,26253.117311656475
1536,26116.99977427721,27119.932929724455
1537,26934.999484926462,26857.190755039454
1538,32265.999172717333,26973.562325805426
1539,30566.00071233511,29704.51360413432
1540,32276.99955266714,29680.6858741045
1541,28127.99996304512,31228.351748645306
1542,28639.000754237175,30207.71259021759
1543,29052.9995303452,30834.091594547033
1544,28440.000557512045,31173.199284523726
1545,28644.999459177256,30777.123177200556
1546,31159.999195814133,30411.483106940985
1547,25517.000749707222,31041.80616337061
1548,29951.999201118946,27990.057291686535
1549,27020.999283909798,29468.656350702047
1550,29952.99990335107,27985.487112134695
1551,27830.000019073486,29445.957853466272
1552,28931.000157117844,28635.75811177492
1553,28845.999224215746,29255.0018337667
1554,30142.000422358513,29220.627253055573
1555,28139.00034299493,29931.349848270416
1556,27326.00047120452,29176.912172794342
1557,26730.00058326125,28749.961188346148
1558,24903.99994072318,28333.311010360718
1559,23404.000543147326,27243.667465537786
1560,27133.000815570354,25698.423474013805
1561,26429.999234825373,26886.51959311962
1562,32367.00032442808,26189.922506660223
1563,25828.000641942024,29111.124722748995
1564,24818.000141739845,26533.585686981678
1565,23389.999892652035,26137.718900859356
1566,25313.999580204487,25532.685150563717
1567,24523.000468313694,26434.31418940425
1568,24811.99960064888,25902.73014679551
1569,24505.000681191683,25629.027987480164
1570,26816.000382244587,25059.532937556505
1571,21571.99935951829,25848.39476981759
1572,22896.000022500753,23191.921443670988
1573,21767.999285697937,23527.538610816002
1574,26113.00063765049,22890.227164119482
1575,19961.999834746122,25182.53852146864
1576,20758.99948772788,22243.848804354668
1577,19560.00030466914,21953.79388526082
1578,21370.00072839856,20829.887764930725
1579,19461.999423503876,21297.100029826164
1580,20460.999543756247,20157.469113320112
1581,20172.9992775023,20366.38636097312
1582,19362.000810176134,20196.913306623697
1583,18962.99971449375,19877.327572852373
1584,18457.000598311424,19491.972750544548
1585,19257.000521838665,19153.794152915478
1586,22487.999951332808,19451.19000324607
1587,17035.999756395817,21376.159178465605
1588,17856.000871509314,18958.94916564226
1589,20578.000914275646,18974.558284312487
1590,19563.000575214624,20205.600136458874
1591,19976.000485241413,19995.47102922201
1592,22277.00050857663,20255.58567199111
1593,19255.999819606543,21647.564313024282
1594,19960.999132514,20584.16303664446
1595,21171.00053167343,20895.44385996461
1596,24005.999136030674,21571.604587078094
1597,22978.999550938606,23228.951098561287
1598,27015.000578969717,23279.54256388545
1599,19354.999566853046,25810.006363272667
1600,20768.00029936433,22623.75943928957
1601,24390.999581217766,22901.07697969675
1602,22492.99979019165,24629.985635757446
1603,23393.000163197517,23816.120936900377
1604,21772.99912455678,24071.531361103058
1605,22486.000383019447,23223.15253406763
1606,25713.999541968107,23211.02108517289
1607,23103.00032863021,24724.451926469803
1608,23091.9999486804,23789.69688951969
1609,22988.999228656292,23938.86027893424
1610,21788.000477284193,23998.97953119874
1611,20157.000894844532,23556.39923042059
1612,25823.99966916442,22265.06185552478
1613,24102.999314963818,24637.32656699419
1614,23799.99953213334,24176.919077277184
1615,26725.00074440241,24084.022695571184
1616,27627.999551802874,25740.274861127138
1617,25310.999309659004,26744.129764318466
1618,24001.999999403954,26250.3190177083
1619,25002.999687969685,26030.607039004564
1620,29957.99974220991,26564.148418456316
1621,30853.999142438173,29087.86619949341
1622,31447.99946206808,29986.93564400077
1623,26822.99978941679,30694.397235244513
1624,27737.000812917948,28860.438714772463
1625,32765.99958395958,29500.563144624233
1626,27928.000900238752,32128.8625715971
1627,33888.001615822315,30191.508558660746
1628,32058.00000050664,33050.90777212381
1629,30662.00018903613,32610.554722368717
1630,34789.00085490942,31989.77597823739
1631,30762.000638514757,33918.38991296291
1632,31761.999624848366,32332.772635787725
1633,33380.00109517574,33001.57774245739
1634,31670.999987006187,34001.35088223219
1635,31256.00050866604,33340.44673281908
1636,36398.00151360035,32788.297800302505
1637,34773.99950218201,34989.46813619137
1638,32075.99978762865,34597.405854701996
1639,38028.00039380789,33330.15694326162
1640,36619.00063407421,36443.516021728516
1641,37209.99884700775,36389.92979431152
1642,34081.99830138683,37060.56187111139
1643,33579.998321831226,36187.34726721048
1644,37523.999009788036,36006.65165865421
1645,40434.99957156181,37816.887109696865
1646,43462.00080162287,39268.694891154766
1647,38935.00017398596,40760.35816371441
1648,37120.00174754858,39036.36304742098
1649,41046.000812232494,38774.65646183491
1650,38212.99994003773,41076.59475827217
1651,42456.99830412865,40155.01226776838
1652,44781.99865567684,42401.9615175128
1653,40759.99827814102,43600.46126753092
1654,39932.00072592497,41890.17852604389
1655,40446.001787662506,41430.82131463289
1656,38615.998336195946,41647.24841940403
1657,45179.9990491271,40941.29614418745
1658,42452.99916750193,43981.31935632229
1659,43165.99858981371,42877.57233655453
1660,41040.99913722277,42979.12984198332
1661,42037.99968916178,41936.28794705868
1662,38426.00078725815,42609.33639842272
1663,48206.00141310692,41077.321874022484
1664,42156.0017619133,45671.78268516064
1665,41852.0012768507,43232.808775901794
1666,40933.99928057194,42954.72005212307
1667,39634.000781953335,42499.06819319725
1668,42662.999744176865,41881.75426578522
1669,40428.00016438961,43032.18725794554
1670,47997.998568594456,42027.74662262201
1671,43067.99954479933,45191.33177238703
1672,39841.00108808279,42994.91339498758
1673,44081.99918162823,41558.23549681902
1674,44175.99909001589,43748.080454051495
1675,42656.00033700466,44034.688917934895
1676,42964.99882477522,43920.37016385794
1677,45088.99941128492,44094.12144976854
1678,38818.99950569868,44998.80767983198
1679,41160.00007605553,42058.38830858469
1680,38825.000046789646,42781.09729677439
1681,43572.99979490042,41517.31503820419
1682,41651.00151181221,43168.143214046955
1683,44786.00146460533,42176.68049317598
1684,39418.99853026867,43235.29859650135
1685,39417.99966418743,40631.790878772736
1686,38416.00110954046,40780.49339431524
1687,46784.00170511007,40569.159772098064
1688,43568.00179219246,44448.395746052265
1689,38624.999147832394,43105.38357681036
1690,37817.00095105171,40940.41111946106
1691,38320.998662769794,40348.593983232975
1692,39227.998442947865,40515.37156808376
1693,37306.999025940895,40590.12494289875
1694,39311.99867361784,39373.06537973881
1695,39430.9996124506,39650.801562547684
1696,34394.00073200464,39351.986367583275
1697,41458.9988861084,36501.663247942924
1698,37311.001834869385,39439.816808998585
1699,35804.998223900795,37666.69731193781
1700,32561.00068229437,37373.346502006054
1701,36396.000109136105,35900.782870948315
1702,32674.9999461174,37230.26628047228
1703,34290.001145899296,34987.84130650759
1704,32370.999461054802,35001.638144254684
1705,34996.001161038876,33526.46717894077
1706,29452.999492108822,34179.82842051983
1707,32372.000163286924,31363.07197520137
1708,31253.999104201794,32389.032298892736
1709,30545.999520748854,31602.35181388259
1710,28829.000139325857,31351.294903427362
1711,30650.999809086323,30273.452300339937
1712,32381.99984100461,30763.36673477292
1713,28830.999707639217,31354.379636913538
1714,25618.000065267086,29798.383145809174
1715,25007.999526828527,27911.82624709606
1716,17949.000077664852,27148.16925802827
1717,19161.99991121888,22812.82973203063
1718,16933.99973860383,21764.095628917217
1719,18251.99986049533,18733.46249240637
1720,14827.99985729158,17614.868356585503
1721,20373.00017645955,14556.830668121576
1722,15928.999995335937,16451.41797272861
1723,15835.999871104956,14559.574795618653
1724,13712.000202670693,14702.240965127945
1725,14814.999909028411,14088.653505936265
1726,14928.000306770205,14724.267431139946
1727,15023.999783471227,14944.511893600225
